date,1. open,2. high,3. low,4. close,5. adjusted close,6. volume,7. dividend amount,8. split coefficient
2013-12-17,3.4681,3.587,3.2897,3.2897,2.6978,19636832.0,0.0,1.0
2013-12-18,3.3492,3.3789,3.0816,3.1708,2.6003,8411234.0,0.0,1.0
2013-12-19,3.2699,3.2897,3.2005,3.2699,2.6815,5669062.0,0.0,1.0
2013-12-20,3.2798,3.3789,3.2798,3.3393,2.7384,1444042.0,0.0,1.0
2013-12-23,3.3492,3.4185,3.2501,3.3194,2.7221,1114901.0,0.0,1.0
2013-12-24,3.2897,3.3393,3.2501,3.3194,2.7221,504909.0,0.0,1.0
2013-12-27,3.2996,3.3095,3.2303,3.2699,2.6815,1532210.0,0.0,1.0
2013-12-30,3.2699,3.2798,3.2303,3.2699,2.6815,1295660.0,0.0,1.0
2013-12-31,3.2798,3.2798,3.2501,3.2501,2.6653,243581.0,0.0,1.0
2014-01-02,3.2501,3.3789,3.2501,3.2798,2.6896,860706.0,0.0,1.0
2014-01-03,3.2699,3.2699,3.2303,3.26,2.6734,175831.0,0.0,1.0
2014-01-06,3.2897,3.2996,3.2402,3.2501,2.6653,279589.0,0.0,1.0
2014-01-07,3.26,3.3194,3.2501,3.2699,2.6815,592888.0,0.0,1.0
2014-01-08,3.2798,3.3492,3.2798,3.3194,2.7221,251989.0,0.0,1.0
2014-01-09,3.2798,3.3987,3.2798,3.369,2.7628,316947.0,0.0,1.0
2014-01-10,3.3789,3.4879,3.3492,3.4185,2.8034,1347414.0,0.0,1.0
2014-01-13,3.4185,3.4582,3.3789,3.4086,2.7953,113256.0,0.0,1.0
2014-01-14,3.3789,3.478,3.3789,3.4383,2.8197,382380.0,0.0,1.0
2014-01-15,3.4185,3.4483,3.3789,3.3987,2.7871,215355.0,0.0,1.0
2014-01-16,3.3789,3.4185,3.3492,3.369,2.7628,870872.0,0.0,1.0
2014-01-17,3.369,3.369,3.3293,3.3293,2.7303,61433.0,0.0,1.0
2014-01-20,3.3194,3.3194,3.2501,3.2897,2.6978,366197.0,0.0,1.0
2014-01-21,3.3194,3.3888,3.3194,3.3492,2.7465,294596.0,0.0,1.0
2014-01-22,3.3888,3.4582,3.3591,3.4086,2.7953,1271611.0,0.0,1.0
2014-01-23,3.4086,3.4582,3.4086,3.4284,2.8115,329711.0,0.0,1.0
2014-01-24,3.4582,3.4681,3.3789,3.4086,2.7953,782766.0,0.0,1.0
2014-01-28,3.4185,3.4483,3.369,3.369,2.7628,905538.0,0.0,1.0
2014-01-29,3.4185,3.4879,3.4086,3.4185,2.8034,1834080.0,0.0,1.0
2014-01-30,3.4185,3.4681,3.4185,3.4284,2.8115,349637.0,0.0,1.0
2014-01-31,3.4483,3.4483,3.4185,3.4383,2.8197,807775.0,0.0,1.0
2014-02-03,3.4383,3.4483,3.4185,3.4383,2.8197,508551.0,0.0,1.0
2014-02-04,3.4185,3.4681,3.3789,3.4185,2.8034,651724.0,0.0,1.0
2014-02-05,3.4978,3.5672,3.4185,3.4185,2.8034,833649.0,0.0,1.0
2014-02-06,3.4681,3.4681,3.4185,3.4185,2.8034,281222.0,0.0,1.0
2014-02-07,3.4681,3.4978,3.3789,3.3789,2.7709,206477.0,0.0,1.0
2014-02-10,3.4483,3.478,3.3888,3.3888,2.779,502029.0,0.0,1.0
2014-02-11,3.4681,3.4879,3.3888,3.4185,2.8034,2597160.0,0.0,1.0
2014-02-12,3.4582,3.4978,3.4383,3.4681,2.844,729956.0,0.0,1.0
2014-02-13,3.4681,3.4681,3.4284,3.4284,2.8115,617704.0,0.0,1.0
2014-02-14,3.4681,3.4681,3.4185,3.4185,2.8034,3418888.0,0.0,1.0
2014-02-17,3.4681,3.4681,3.4483,3.4582,2.8359,134921.0,0.0,1.0
2014-02-18,3.4582,3.4681,3.4383,3.4582,2.8359,378281.0,0.0,1.0
2014-02-19,3.4681,3.4681,3.4185,3.4483,2.8278,388999.0,0.0,1.0
2014-02-20,3.4582,3.5077,3.4383,3.4978,2.8684,641416.0,0.0,1.0
2014-02-21,3.4978,3.5572,3.4681,3.5572,2.9172,530692.0,0.0,1.0
2014-02-24,3.5572,3.5572,3.5176,3.5374,2.9009,256082.0,0.0,1.0
2014-02-25,3.5176,3.5473,3.4582,3.5275,2.8928,688558.0,0.0,1.0
2014-02-26,3.4978,3.4978,3.3194,3.369,2.7628,3381298.0,0.0,1.0
2014-02-27,3.3789,3.3888,3.3194,3.3492,2.7465,1186881.0,0.0,1.0
2014-02-28,3.3293,3.3293,3.1906,3.2005,2.6246,2756135.0,0.0,1.0
2014-03-03,3.1807,3.1906,3.0717,3.0915,2.5352,2874696.0,0.0,1.0
2014-03-04,3.151,3.2501,3.151,3.2104,2.6328,1881777.0,0.0,1.0
2014-03-05,3.2699,3.3591,3.2699,3.3393,2.7384,1655528.0,0.0,1.0
2014-03-06,3.3393,3.3541,3.2798,3.2996,2.7059,953464.0,0.0,1.0
2014-03-07,3.369,3.369,3.2798,3.3194,2.7221,1000910.0,0.0,1.0
2014-03-10,3.3194,3.369,3.3194,3.3393,2.7384,440909.0,0.0,1.0
2014-03-11,3.3492,3.3591,3.2996,3.2996,2.7059,996827.0,0.0,1.0
2014-03-12,3.3591,3.3591,3.3095,3.3194,2.7221,576652.0,0.0,1.0
2014-03-13,3.3095,3.3293,3.2897,3.2897,2.6978,598410.0,0.0,1.0
2014-03-14,3.2897,3.369,3.2897,3.369,2.7628,797407.0,0.0,1.0
2014-03-17,3.3789,3.4086,3.3194,3.369,2.7628,388554.0,0.0,1.0
2014-03-18,3.369,3.4086,3.3492,3.3987,2.7871,893443.0,0.0,1.0
2014-03-19,3.369,3.3789,3.2897,3.3293,2.7303,736121.0,0.0,1.0
2014-03-20,3.369,3.4086,3.3293,3.369,2.7628,1617738.0,0.0,1.0
2014-03-21,3.3888,3.4185,3.3293,3.369,2.7628,10356035.0,0.0,1.0
2014-03-24,3.3591,3.4284,3.3591,3.4284,2.8115,496190.0,0.0,1.0
2014-03-25,3.369,3.4383,3.3293,3.4383,2.8197,528989.0,0.0,1.0
2014-03-26,3.4383,3.4879,3.4086,3.4681,2.844,554389.0,0.0,1.0
2014-03-27,3.4383,3.5176,3.4284,3.4978,2.8684,928947.0,0.0,1.0
2014-03-28,3.4582,3.4978,3.4383,3.4681,2.844,672697.0,0.0,1.0
2014-03-31,3.4383,3.4383,3.369,3.4086,2.7953,745984.0,0.0,1.0
2014-04-01,3.3789,3.4284,3.3789,3.4086,2.7953,538854.0,0.0,1.0
2014-04-02,3.4185,3.4582,3.3987,3.4383,2.8197,502790.0,0.0,1.0
2014-04-03,3.4383,3.4582,3.3888,3.4086,2.7953,396929.0,0.0,1.0
2014-04-04,3.3987,3.4383,3.3789,3.3789,2.7709,264665.0,0.0,1.0
2014-04-07,3.369,3.4582,3.369,3.4383,2.8197,887721.0,0.0,1.0
2014-04-08,3.4185,3.4681,3.4086,3.4284,2.8115,453233.0,0.0,1.0
2014-04-09,3.4383,3.4879,3.4185,3.4483,2.8278,639992.0,0.0,1.0
2014-04-10,3.4681,3.4681,3.4284,3.4383,2.8197,442019.0,0.0,1.0
2014-04-11,3.3987,3.4284,3.369,3.4086,2.7953,2001731.0,0.0,1.0
2014-04-14,3.3888,3.4284,3.3888,3.4086,2.7953,1989075.0,0.0,1.0
2014-04-15,3.3888,3.3987,3.3492,3.3591,2.7546,755692.0,0.0,1.0
2014-04-16,3.3591,3.3789,3.3393,3.3591,2.7546,183637.0,0.0,1.0
2014-04-17,3.3888,3.3888,3.2996,3.3194,2.7221,352885.0,0.0,1.0
2014-04-22,3.369,3.3789,3.3393,3.3789,2.7709,213542.0,0.0,1.0
2014-04-23,3.3789,3.3888,3.3095,3.3492,2.7465,544026.0,0.0,1.0
2014-04-24,3.3095,3.3789,3.3095,3.369,2.7628,374729.0,0.0,1.0
2014-04-28,3.3492,3.4185,3.3492,3.3789,2.7709,321242.0,0.0,1.0
2014-04-29,3.3888,3.4086,3.3095,3.3393,2.7384,503866.0,0.0,1.0
2014-04-30,3.3789,3.3888,3.3095,3.3492,2.7465,872541.0,0.0,1.0
2014-05-01,3.3591,3.3591,3.26,3.2798,2.6896,205604.0,0.0,1.0
2014-05-02,3.2798,3.3194,3.2501,3.2798,2.6896,179920.0,0.0,1.0
2014-05-05,3.2996,3.369,3.2897,3.369,2.7628,217039.0,0.0,1.0
2014-05-06,3.369,3.4086,3.369,3.3987,2.7871,338081.0,0.0,1.0
2014-05-07,3.3789,3.4086,3.3789,3.3888,2.779,373366.0,0.0,1.0
2014-05-08,3.3987,3.3987,3.2996,3.3591,2.7546,292134.0,0.0,1.0
2014-05-09,3.3393,3.3393,3.2996,3.3293,2.7303,410124.0,0.0,1.0
2014-05-12,3.3194,3.3393,3.2897,3.3095,2.714,402260.0,0.0,1.0
2014-05-13,3.3095,3.3293,3.255,3.2897,2.6978,1709556.0,0.0,1.0
2014-05-14,3.2996,3.3393,3.2699,3.2996,2.7059,387517.0,0.0,1.0
2014-05-15,3.369,3.369,3.2897,3.369,2.7628,683137.0,0.0,1.0
2014-05-16,3.3194,3.369,3.3194,3.3293,2.7303,97041.0,0.0,1.0
2014-05-19,3.3293,3.3492,3.2897,3.3293,2.7303,469421.0,0.0,1.0
2014-05-20,3.3293,3.369,3.2996,3.3293,2.7303,205831.0,0.0,1.0
2014-05-21,3.3095,3.3492,3.2848,3.3492,2.7465,562151.0,0.0,1.0
2014-05-22,3.3492,3.3888,3.3393,3.369,2.7628,445561.0,0.0,1.0
2014-05-23,3.369,3.3888,3.3293,3.3492,2.7465,617773.0,0.0,1.0
2014-05-26,3.369,3.3789,3.3492,3.3492,2.7465,647633.0,0.0,1.0
2014-05-27,3.3591,3.369,3.3393,3.3591,2.7546,314685.0,0.0,1.0
2014-05-28,3.3591,3.4086,3.3591,3.3987,2.7871,524882.0,0.0,1.0
2014-05-29,3.3888,3.3888,3.3492,3.369,2.7628,313199.0,0.0,1.0
2014-05-30,3.3789,3.4483,3.3393,3.3393,2.7384,5310838.0,0.0,1.0
2014-06-02,3.369,3.369,3.2798,3.3293,2.7303,837997.0,0.0,1.0
2014-06-03,3.3194,3.3492,3.2798,3.3293,2.7303,947947.0,0.0,1.0
2014-06-04,3.3293,3.3789,3.2897,3.3293,2.7303,594007.0,0.0,1.0
2014-06-05,3.3194,3.3393,3.2798,3.3293,2.7303,422711.0,0.0,1.0
2014-06-06,3.3194,3.369,3.2897,3.369,2.7628,965672.0,0.0,1.0
2014-06-10,3.3987,3.3987,3.3393,3.3789,2.7709,391294.0,0.0,1.0
2014-06-11,3.3591,3.4086,3.3293,3.3789,2.7709,810742.0,0.0,1.0
2014-06-12,3.369,3.4185,3.369,3.4086,2.7953,640252.0,0.0,1.0
2014-06-13,3.3987,3.4086,3.369,3.369,2.7628,560292.0,0.0,1.0
2014-06-16,3.3591,3.3789,3.3492,3.369,2.7628,554747.0,0.0,1.0
2014-06-17,3.369,3.3888,3.3393,3.3888,2.779,822118.0,0.0,1.0
2014-06-18,3.3789,3.4433,3.3789,3.4086,2.7953,1485021.0,0.0,1.0
2014-06-19,3.4185,3.4681,3.4185,3.4681,2.844,1221551.0,0.0,1.0
2014-06-20,3.4978,3.5374,3.478,3.5275,2.8928,2703733.0,0.0,1.0
2014-06-23,3.5077,3.5572,3.4284,3.478,2.8522,1294160.0,0.0,1.0
2014-06-24,3.4879,3.4978,3.4383,3.4681,2.844,400887.0,0.0,1.0
2014-06-25,3.4582,3.478,3.369,3.4185,2.8034,549173.0,0.0,1.0
2014-06-26,3.4284,3.478,3.4185,3.4681,2.844,399311.0,0.0,1.0
2014-06-27,3.478,3.5275,3.4383,3.4383,2.8197,380809.0,0.0,1.0
2014-06-30,3.4383,3.4681,3.3789,3.3987,2.7871,752624.0,0.0,1.0
2014-07-01,3.3888,3.4284,3.369,3.3888,2.779,430385.0,0.0,1.0
2014-07-02,3.4185,3.5275,3.4086,3.5275,2.8928,666748.0,0.0,1.0
2014-07-03,3.5473,3.6167,3.5473,3.6167,2.9659,888137.0,0.0,1.0
2014-07-04,3.6167,3.6464,3.5572,3.5969,2.9497,906156.0,0.0,1.0
2014-07-07,3.587,3.6266,3.5176,3.5473,2.909,570327.0,0.0,1.0
2014-07-08,3.5572,3.5672,3.4978,3.5275,2.8928,581069.0,0.0,1.0
2014-07-09,3.5176,3.5473,3.4978,3.5275,2.8928,619019.0,0.0,1.0
2014-07-10,3.5275,3.5572,3.5275,3.5473,2.909,285425.0,0.0,1.0
2014-07-11,3.5275,3.5771,3.5275,3.5473,2.909,231994.0,0.0,1.0
2014-07-14,3.5572,3.6266,3.5572,3.6167,2.9659,682227.0,0.0,1.0
2014-07-15,3.6266,3.6563,3.5969,3.6167,2.9659,444464.0,0.0,1.0
2014-07-16,3.6167,3.6266,3.587,3.6167,2.9659,284413.0,0.0,1.0
2014-07-17,3.6662,3.7455,3.6464,3.7158,3.0472,898522.0,0.0,1.0
2014-07-18,3.696,3.7059,3.6464,3.696,3.0309,465803.0,0.0,1.0
2014-07-21,3.6861,3.7455,3.6861,3.7059,3.039,396895.0,0.0,1.0
2014-07-22,3.7158,3.7356,3.6861,3.7356,3.0634,189187.0,0.0,1.0
2014-07-23,3.7158,3.7455,3.6861,3.7257,3.0553,545607.0,0.0,1.0
2014-07-24,3.7257,3.7257,3.6861,3.7158,3.0472,189512.0,0.0,1.0
2014-07-25,3.696,3.7158,3.6762,3.696,3.0309,242078.0,0.0,1.0
2014-07-28,3.7059,3.7257,3.6762,3.7059,3.039,321523.0,0.0,1.0
2014-07-29,3.6861,3.7158,3.6563,3.6861,3.0228,227422.0,0.0,1.0
2014-07-30,3.696,3.7059,3.6762,3.6861,3.0228,199081.0,0.0,1.0
2014-07-31,3.6861,3.691,3.6762,3.6762,3.0147,539824.0,0.0,1.0
2014-08-01,3.6167,3.6861,3.6167,3.6662,3.0065,551091.0,0.0,1.0
2014-08-04,3.6266,3.7158,3.6266,3.6662,3.0065,1515067.0,0.0,1.0
2014-08-05,3.6762,3.7158,3.6662,3.6762,3.0147,380825.0,0.0,1.0
2014-08-06,3.6861,3.7059,3.6712,3.6861,3.0228,243505.0,0.0,1.0
2014-08-07,3.7059,3.7356,3.696,3.7059,3.039,504039.0,0.0,1.0
2014-08-08,3.7257,3.7257,3.6662,3.6662,3.0065,501445.0,0.0,1.0
2014-08-11,3.6861,3.7257,3.6762,3.696,3.0309,439002.0,0.0,1.0
2014-08-12,3.7059,3.7158,3.6861,3.696,3.0309,358656.0,0.0,1.0
2014-08-13,3.6861,3.6861,3.6563,3.6861,3.0228,268699.0,0.0,1.0
2014-08-14,3.6662,3.6811,3.6266,3.6762,3.0147,465739.0,0.0,1.0
2014-08-15,3.6861,3.7059,3.6762,3.7059,3.039,407390.0,0.0,1.0
2014-08-18,3.6861,3.7158,3.6861,3.7059,3.039,209785.0,0.0,1.0
2014-08-19,3.7158,3.7356,3.696,3.7158,3.0472,374196.0,0.0,1.0
2014-08-20,3.7158,3.7554,3.6861,3.7257,3.0553,507753.0,0.0,1.0
2014-08-21,3.7455,3.7554,3.6861,3.7356,3.0634,511409.0,0.0,1.0
2014-08-22,3.7554,3.7554,3.7158,3.7356,3.0634,376066.0,0.0,1.0
2014-08-25,3.7356,3.8149,3.7158,3.7951,3.1122,657400.0,0.0,1.0
2014-08-26,3.805,3.8545,3.7753,3.8248,3.1366,390053.0,0.0,1.0
2014-08-27,3.8149,3.8347,3.7554,3.8149,3.1284,993306.0,0.0,1.0
2014-08-28,3.7753,3.805,3.7158,3.7257,3.0553,1187115.0,0.0,1.0
2014-08-29,3.7554,3.7951,3.7455,3.7951,3.1122,834696.0,0.0,1.0
2014-09-01,3.8149,3.8446,3.7951,3.8149,3.1284,712529.0,0.0,1.0
2014-09-02,3.8248,3.8347,3.805,3.8347,3.1447,423419.0,0.0,1.0
2014-09-03,3.805,3.8149,3.7554,3.805,3.1996,752105.0,0.0,1.0
2014-09-04,3.805,3.8446,3.805,3.8347,3.2246,1058799.0,0.0,1.0
2014-09-05,3.8446,3.8545,3.8248,3.8446,3.2329,2016488.0,0.0,1.0
2014-09-08,3.8644,3.8644,3.8396,3.8446,3.2329,311157.0,0.0,1.0
2014-09-09,3.8644,3.9536,3.8446,3.9536,3.3246,778214.0,0.0,1.0
2014-09-10,3.9437,3.9437,3.8743,3.9041,3.2829,723824.0,0.0,1.0
2014-09-11,3.8941,3.9041,3.8545,3.8644,3.2496,743488.0,0.0,1.0
2014-09-12,3.8644,3.8644,3.8248,3.8644,3.2496,611275.0,0.0,1.0
2014-09-15,3.8644,3.8644,3.8248,3.8545,3.2412,570327.0,0.0,1.0
2014-09-16,3.8545,3.8842,3.8248,3.8842,3.2662,1057091.0,0.0,1.0
2014-09-17,3.914,3.914,3.8644,3.8842,3.2662,685828.0,0.0,1.0
2014-09-18,3.9239,3.9239,3.8248,3.8545,3.2412,629460.0,0.0,1.0
2014-09-19,3.8743,3.8743,3.7951,3.8248,3.2162,1743687.0,0.0,1.0
2014-09-22,3.8149,3.8149,3.7653,3.7851,3.1829,932211.0,0.0,1.0
2014-09-23,3.7653,3.7753,3.7009,3.7158,3.1246,1432972.0,0.0,1.0
2014-09-24,3.7158,3.7356,3.7059,3.7158,3.1246,2124599.0,0.0,1.0
2014-09-25,3.7455,3.805,3.7356,3.805,3.1996,1940067.0,0.0,1.0
2014-09-26,3.7554,3.7951,3.7455,3.7753,3.1746,666169.0,0.0,1.0
2014-09-29,3.7356,3.805,3.7356,3.7851,3.1829,645911.0,0.0,1.0
2014-09-30,3.8149,3.9239,3.7554,3.9239,3.2996,1641757.0,0.0,1.0
2014-10-01,3.8149,3.9239,3.8149,3.8941,3.2746,569866.0,0.0,1.0
2014-10-02,3.8644,3.914,3.8248,3.8644,3.2496,1062205.0,0.0,1.0
2014-10-03,3.7753,3.914,3.7653,3.9041,3.2829,508713.0,0.0,1.0
2014-10-06,3.914,3.9536,3.9041,3.9437,3.3162,479394.0,0.0,1.0
2014-10-07,3.9536,3.9635,3.8347,3.8446,3.2329,1031559.0,0.0,1.0
2014-10-08,3.8941,3.8941,3.8248,3.8446,3.2329,653552.0,0.0,1.0
2014-10-09,3.8644,3.8842,3.8396,3.8545,3.2412,633540.0,0.0,1.0
2014-10-10,3.7851,3.8545,3.7455,3.7653,3.1662,488922.0,0.0,1.0
2014-10-13,3.7455,3.7951,3.7455,3.7951,3.1912,313776.0,0.0,1.0
2014-10-14,3.7653,3.8446,3.7455,3.7951,3.1912,362626.0,0.0,1.0
2014-10-15,3.7951,3.8545,3.7951,3.8545,3.2412,505289.0,0.0,1.0
2014-10-16,3.805,3.8446,3.7505,3.7951,3.1912,353549.0,0.0,1.0
2014-10-17,3.8248,3.8446,3.7356,3.7753,3.1746,687600.0,0.0,1.0
2014-10-20,3.7851,3.8248,3.7653,3.7951,3.1912,158920.0,0.0,1.0
2014-10-21,3.8149,3.914,3.805,3.8644,3.2496,779867.0,0.0,1.0
2014-10-22,3.8941,3.9041,3.8446,3.8446,3.2329,557152.0,0.0,1.0
2014-10-23,3.8347,3.8842,3.7851,3.805,3.1996,562360.0,0.0,1.0
2014-10-24,3.8347,3.8446,3.7951,3.8446,3.2329,583504.0,0.0,1.0
2014-10-27,3.8248,3.8446,3.7951,3.8149,3.2079,433483.0,0.0,1.0
2014-10-28,3.8248,3.8248,3.7753,3.7851,3.1829,395290.0,0.0,1.0
2014-10-29,3.8248,3.8644,3.7951,3.805,3.1996,692497.0,0.0,1.0
2014-10-30,3.8149,3.8149,3.7554,3.7753,3.1746,563433.0,0.0,1.0
2014-10-31,3.805,3.805,3.7356,3.7851,3.1829,797117.0,0.0,1.0
2014-11-03,3.7851,3.8347,3.7653,3.8347,3.2246,743760.0,0.0,1.0
2014-11-04,3.8248,3.9239,3.8248,3.9239,3.2996,350744.0,0.0,1.0
2014-11-05,3.9437,3.9833,3.9338,3.9833,3.3496,662917.0,0.0,1.0
2014-11-06,3.9635,3.9734,3.8743,3.9734,3.3412,437819.0,0.0,1.0
2014-11-07,3.9833,4.0626,3.9536,3.9635,3.3329,828825.0,0.0,1.0
2014-11-10,3.9734,4.0131,3.9734,3.9932,3.3579,432235.0,0.0,1.0
2014-11-11,4.0131,4.0527,3.9784,4.0131,3.3746,503770.0,0.0,1.0
2014-11-12,4.0527,4.0626,4.0031,4.0428,3.3995,562098.0,0.0,1.0
2014-11-13,4.0527,4.122,4.023,4.0626,3.4162,691639.0,0.0,1.0
2014-11-14,4.1419,4.1419,4.0527,4.0824,3.4329,345104.0,0.0,1.0
2014-11-17,4.0725,4.122,4.0031,4.0031,3.3662,391738.0,0.0,1.0
2014-11-18,4.023,4.023,3.9338,3.9635,3.3329,641088.0,0.0,1.0
2014-11-19,3.9635,4.0923,3.9536,4.0824,3.4329,513414.0,0.0,1.0
2014-11-20,4.0527,4.0576,3.9338,3.9338,3.3079,288148.0,0.0,1.0
2014-11-21,3.9635,3.9734,3.8446,3.8644,3.2496,677132.0,0.0,1.0
2014-11-24,3.8644,3.9833,3.8545,3.9833,3.3496,430498.0,0.0,1.0
2014-11-25,3.9932,4.0824,3.9734,4.0626,3.4162,893112.0,0.0,1.0
2014-11-26,4.0626,4.2013,4.0626,4.1518,3.4912,399785.0,0.0,1.0
2014-11-27,4.1617,4.2608,4.1121,4.1419,3.4829,614326.0,0.0,1.0
2014-11-28,4.1121,4.1419,4.0626,4.1121,3.4579,336154.0,0.0,1.0
2014-12-01,4.1022,4.1468,4.0973,4.1121,3.4579,1060985.0,0.0,1.0
2014-12-02,4.1121,4.1815,4.0923,4.1716,3.5079,1960244.0,0.0,1.0
2014-12-03,4.1815,4.2112,4.1518,4.2112,3.5412,1540155.0,0.0,1.0
2014-12-04,4.2112,4.2608,4.2112,4.241,3.5662,829418.0,0.0,1.0
2014-12-05,4.241,4.3103,4.1419,4.2112,3.5412,585005.0,0.0,1.0
2014-12-08,4.2013,4.2855,4.2013,4.2509,3.5745,295806.0,0.0,1.0
2014-12-09,4.241,4.2806,4.2112,4.2211,3.5495,510834.0,0.0,1.0
2014-12-10,4.1914,4.2013,4.0527,4.1716,3.5079,431061.0,0.0,1.0
2014-12-11,4.1419,4.2806,4.1419,4.2509,3.5745,614465.0,0.0,1.0
2014-12-12,4.3004,4.34,4.2112,4.2112,3.5412,428023.0,0.0,1.0
2014-12-15,4.1914,4.241,4.122,4.1815,3.5162,254078.0,0.0,1.0
2014-12-16,4.1617,4.2013,4.122,4.1419,3.4829,384688.0,0.0,1.0
2014-12-17,4.1419,4.1815,4.132,4.1617,3.4995,312082.0,0.0,1.0
2014-12-18,4.1617,4.2806,4.1617,4.2608,3.5829,827933.0,0.0,1.0
2014-12-19,4.2509,4.34,4.231,4.2806,3.5995,537873.0,0.0,1.0
2014-12-22,4.3103,4.3797,4.2707,4.3301,3.6412,410365.0,0.0,1.0
2014-12-23,4.3599,4.449,4.34,4.34,3.6495,261523.0,0.0,1.0
2014-12-24,4.3599,4.3599,4.1617,4.1914,3.5245,309801.0,0.0,1.0
2014-12-29,4.2013,4.3499,4.1914,4.34,3.6495,190096.0,0.0,1.0
2014-12-30,4.34,4.4292,4.34,4.3599,3.6662,245297.0,0.0,1.0
2014-12-31,4.3896,4.4094,4.241,4.3103,3.6245,197199.0,0.0,1.0
2015-01-02,4.3103,4.3599,4.2806,4.3301,3.6412,97760.0,0.0,1.0
2015-01-05,4.3599,4.449,4.3499,4.4391,3.7328,507818.0,0.0,1.0
2015-01-06,4.3896,4.4292,4.241,4.2608,3.5829,462234.0,0.0,1.0
2015-01-07,4.241,4.2806,4.132,4.231,3.5579,641685.0,0.0,1.0
2015-01-08,4.1716,4.2261,4.1022,4.1518,3.4912,499112.0,0.0,1.0
2015-01-09,4.2112,4.2905,4.1914,4.2905,3.6078,257021.0,0.0,1.0
2015-01-12,4.2509,4.3103,4.2013,4.2013,3.5329,210915.0,0.0,1.0
2015-01-13,4.1716,4.2707,4.1716,4.2013,3.5329,254800.0,0.0,1.0
2015-01-14,4.1617,4.2013,4.1121,4.132,3.4745,334407.0,0.0,1.0
2015-01-15,4.1419,4.1617,4.1022,4.1419,3.4829,343352.0,0.0,1.0
2015-01-16,4.1022,4.1419,4.0725,4.1419,3.4829,298299.0,0.0,1.0
2015-01-19,4.1815,4.2013,4.1121,4.1518,3.4912,196573.0,0.0,1.0
2015-01-20,4.1518,4.1617,4.1121,4.132,3.4745,178943.0,0.0,1.0
2015-01-21,4.1121,4.2459,4.1121,4.241,3.5662,214129.0,0.0,1.0
2015-01-22,4.241,4.2509,4.1121,4.122,3.4662,409594.0,0.0,1.0
2015-01-23,4.2509,4.2905,4.1914,4.2806,3.5995,242990.0,0.0,1.0
2015-01-27,4.3004,4.4589,4.2806,4.3896,3.6912,323021.0,0.0,1.0
2015-01-28,4.3896,4.5977,4.3797,4.4887,3.7745,720163.0,0.0,1.0
2015-01-29,4.4589,4.7463,4.4193,4.6472,3.9078,1012249.0,0.0,1.0
2015-01-30,4.6571,4.7562,4.5977,4.6868,3.9411,753351.0,0.0,1.0
2015-02-02,4.6571,4.7364,4.6373,4.7364,3.9828,1127814.0,0.0,1.0
2015-02-03,4.7562,4.8157,4.6769,4.776,4.0161,700318.0,0.0,1.0
2015-02-04,4.8058,4.8058,4.667,4.7067,3.9578,1202096.0,0.0,1.0
2015-02-05,4.6968,4.8058,4.6769,4.7562,3.9995,432431.0,0.0,1.0
2015-02-06,4.7661,4.8454,4.6868,4.7265,3.9745,541645.0,0.0,1.0
2015-02-09,4.7067,4.7067,4.6175,4.6571,3.9161,915543.0,0.0,1.0
2015-02-10,4.6868,4.6968,4.6076,4.6571,3.9161,609092.0,0.0,1.0
2015-02-11,4.6968,4.7166,4.5977,4.6175,3.8828,448976.0,0.0,1.0
2015-02-12,4.6472,4.7265,4.6472,4.6571,3.9161,608959.0,0.0,1.0
2015-02-13,4.7166,4.7711,4.6968,4.7166,3.9661,495338.0,0.0,1.0
2015-02-16,4.7067,4.7166,4.6175,4.6274,3.8911,266083.0,0.0,1.0
2015-02-17,4.6571,4.7661,4.6373,4.7661,4.0078,536021.0,0.0,1.0
2015-02-18,4.7859,4.9098,4.7859,4.8751,4.0995,678372.0,0.0,1.0
2015-02-19,4.9346,4.9445,4.7859,4.8454,4.0744,714775.0,0.0,1.0
2015-02-20,4.9247,4.9841,4.8256,4.8652,4.0911,407968.0,0.0,1.0
2015-02-23,4.885,4.9445,4.885,4.8949,4.1161,491587.0,0.0,1.0
2015-02-24,4.9147,5.1228,4.8702,4.9346,4.1494,596931.0,0.0,1.0
2015-02-25,4.449,4.5085,4.2112,4.4589,3.7495,3165777.0,0.0,1.0
2015-02-26,4.3797,4.5779,4.2112,4.5283,3.8078,2109288.0,0.0,1.0
2015-02-27,4.5382,4.5382,4.2905,4.3301,3.6412,1303696.0,0.0,1.0
2015-03-02,4.2707,4.3202,4.1914,4.2112,3.5412,1038463.0,0.0,1.0
2015-03-03,4.1914,4.1914,4.0725,4.122,3.4662,1053119.0,0.0,1.0
2015-03-04,4.0527,4.0923,4.0131,4.0725,3.5053,909664.0,0.0,1.0
2015-03-05,3.9833,4.3648,3.9833,4.3499,3.7441,1489774.0,0.0,1.0
2015-03-06,4.3499,4.4391,4.2905,4.3103,3.71,867599.0,0.0,1.0
2015-03-09,4.2905,4.34,4.231,4.231,3.6418,502793.0,0.0,1.0
2015-03-10,4.2013,4.231,4.1716,4.1815,3.5991,688866.0,0.0,1.0
2015-03-11,4.1617,4.2013,4.1121,4.1914,3.6077,1013919.0,0.0,1.0
2015-03-12,4.2013,4.2509,4.132,4.2013,3.6162,611112.0,0.0,1.0
2015-03-13,4.1914,4.2608,4.122,4.2608,3.6674,507966.0,0.0,1.0
2015-03-16,4.2013,4.2112,4.1022,4.122,3.548,398219.0,0.0,1.0
2015-03-17,4.1518,4.2112,4.122,4.2013,3.6162,611853.0,0.0,1.0
2015-03-18,4.1815,4.2112,4.0725,4.1617,3.5821,896060.0,0.0,1.0
2015-03-19,4.2112,4.2558,4.1518,4.1815,3.5991,832334.0,0.0,1.0
2015-03-20,4.2013,4.3995,4.2013,4.3599,3.7527,1861303.0,0.0,1.0
2015-03-23,4.3995,4.4094,4.2905,4.3499,3.7441,586205.0,0.0,1.0
2015-03-24,4.3499,4.3499,4.2211,4.241,3.6503,713175.0,0.0,1.0
2015-03-25,4.2112,4.2806,4.2112,4.2112,3.6247,327877.0,0.0,1.0
2015-03-26,4.1914,4.2211,4.122,4.2013,3.6162,472893.0,0.0,1.0
2015-03-27,4.1518,4.241,4.1518,4.231,3.6418,303239.0,0.0,1.0
2015-03-30,4.2112,4.2211,4.1419,4.1617,3.5821,309790.0,0.0,1.0
2015-03-31,4.2112,4.2211,4.1617,4.1815,3.5991,329801.0,0.0,1.0
2015-04-01,4.1121,4.1914,4.0824,4.0923,3.5224,712056.0,0.0,1.0
2015-04-02,4.132,4.241,4.132,4.1914,3.6077,433453.0,0.0,1.0
2015-04-07,4.2211,4.231,4.0923,4.1121,3.5394,578047.0,0.0,1.0
2015-04-08,4.1121,4.2013,4.1121,4.1518,3.5736,456624.0,0.0,1.0
2015-04-09,4.1419,4.1716,4.1022,4.1121,3.5394,761592.0,0.0,1.0
2015-04-10,4.132,4.1518,4.0626,4.1518,3.5736,780253.0,0.0,1.0
2015-04-13,4.1518,4.1617,4.0923,4.132,3.5565,415775.0,0.0,1.0
2015-04-14,4.1121,4.2211,4.0725,4.2112,3.6247,747183.0,0.0,1.0
2015-04-15,4.2013,4.2013,4.1518,4.1617,3.5821,335475.0,0.0,1.0
2015-04-16,4.2211,4.241,4.1815,4.2013,3.6162,417648.0,0.0,1.0
2015-04-17,4.1914,4.2112,4.1121,4.1121,3.5394,389153.0,0.0,1.0
2015-04-20,4.122,4.1518,4.1121,4.132,3.5565,292086.0,0.0,1.0
2015-04-21,4.1716,4.1914,4.1121,4.1419,3.565,335660.0,0.0,1.0
2015-04-22,4.1419,4.1617,4.1121,4.132,3.5565,388603.0,0.0,1.0
2015-04-23,4.1121,4.1815,4.1121,4.1815,3.5991,754337.0,0.0,1.0
2015-04-24,4.2112,4.2112,4.1617,4.1914,3.6077,805315.0,0.0,1.0
2015-04-27,4.2013,4.2063,4.1419,4.1716,3.5906,353783.0,0.0,1.0
2015-04-28,4.2112,4.2112,4.1419,4.1617,3.5821,618538.0,0.0,1.0
2015-04-29,4.1617,4.1914,4.1022,4.1022,3.5309,955422.0,0.0,1.0
2015-04-30,4.1121,4.1815,4.0824,4.0824,3.5139,1042695.0,0.0,1.0
2015-05-01,4.0626,4.0626,3.9932,4.0527,3.4883,480562.0,0.0,1.0
2015-05-04,4.023,4.1419,4.023,4.132,3.5565,836285.0,0.0,1.0
2015-05-05,4.2013,4.2013,4.1121,4.1121,3.5394,339003.0,0.0,1.0
2015-05-06,4.0725,4.1419,4.0725,4.0923,3.5224,1132758.0,0.0,1.0
2015-05-07,4.0428,4.0923,4.0131,4.0626,3.4968,354447.0,0.0,1.0
2015-05-08,4.0824,4.1716,4.0428,4.0923,3.5224,374061.0,0.0,1.0
2015-05-11,4.1419,4.1617,4.0626,4.0626,3.4968,265215.0,0.0,1.0
2015-05-12,4.1022,4.2013,4.0725,4.1815,3.5991,688163.0,0.0,1.0
2015-05-13,4.132,4.1914,4.1072,4.1815,3.5991,387440.0,0.0,1.0
2015-05-14,4.122,4.1815,4.1022,4.1716,3.5906,248863.0,0.0,1.0
2015-05-15,4.2013,4.2112,4.1617,4.1914,3.6077,352583.0,0.0,1.0
2015-05-18,4.1716,4.2063,4.1419,4.1518,3.5736,260258.0,0.0,1.0
2015-05-19,4.1617,4.1716,4.1121,4.1121,3.5394,287717.0,0.0,1.0
2015-05-20,4.1121,4.132,4.0477,4.0527,3.4883,509116.0,0.0,1.0
2015-05-21,4.0527,4.0923,4.0329,4.0626,3.4968,430433.0,0.0,1.0
2015-05-22,4.1022,4.132,4.0923,4.1022,3.5309,346766.0,0.0,1.0
2015-05-25,4.1022,4.1716,4.1022,4.1518,3.5736,297258.0,0.0,1.0
2015-05-26,4.1815,4.2013,4.1121,4.1121,3.5394,347581.0,0.0,1.0
2015-05-27,4.1022,4.122,4.0824,4.1121,3.5394,213279.0,0.0,1.0
2015-05-28,4.122,4.1369,4.0527,4.122,3.548,398409.0,0.0,1.0
2015-05-29,4.1815,4.2013,4.1518,4.1617,3.5821,567621.0,0.0,1.0
2015-06-01,4.1419,4.1815,4.1121,4.1716,3.5906,351170.0,0.0,1.0
2015-06-02,4.1815,4.1865,4.132,4.1518,3.5736,264351.0,0.0,1.0
2015-06-03,4.1518,4.2509,4.1518,4.2211,3.6333,526748.0,0.0,1.0
2015-06-04,4.241,4.2806,4.2112,4.2707,3.6759,807973.0,0.0,1.0
2015-06-05,4.241,4.3103,4.241,4.3004,3.7015,388875.0,0.0,1.0
2015-06-09,4.2112,4.3103,4.2112,4.2806,3.6844,416203.0,0.0,1.0
2015-06-10,4.2905,4.3103,4.2707,4.3004,3.7015,258681.0,0.0,1.0
2015-06-11,4.3202,4.3797,4.3202,4.3797,3.7697,345852.0,0.0,1.0
2015-06-12,4.3797,4.4391,4.3698,4.4193,3.8038,509737.0,0.0,1.0
2015-06-15,4.4391,4.4391,4.4094,4.4292,3.8124,347300.0,0.0,1.0
2015-06-16,4.4094,4.4391,4.3995,4.4094,3.7953,266710.0,0.0,1.0
2015-06-17,4.4689,4.4887,4.4094,4.4094,3.7953,856786.0,0.0,1.0
2015-06-18,4.4589,4.5283,4.4589,4.5085,3.8806,689086.0,0.0,1.0
2015-06-19,4.558,4.6868,4.5382,4.6274,3.9829,1156134.0,0.0,1.0
2015-06-22,4.6175,4.6373,4.5481,4.558,3.9232,930152.0,0.0,1.0
2015-06-23,4.6175,4.6571,4.5779,4.6274,3.9829,675126.0,0.0,1.0
2015-06-24,4.6175,4.7067,4.6076,4.6968,4.0426,619666.0,0.0,1.0
2015-06-25,4.6868,4.6968,4.6274,4.667,4.0171,377522.0,0.0,1.0
2015-06-26,4.6175,4.7166,4.5878,4.7067,4.0512,518873.0,0.0,1.0
2015-06-29,4.6175,4.6175,4.5481,4.5779,3.9403,485401.0,0.0,1.0
2015-06-30,4.558,4.7067,4.5481,4.6373,3.9915,952904.0,0.0,1.0
2015-07-01,4.6274,4.6571,4.5977,4.6571,4.0085,718917.0,0.0,1.0
2015-07-02,4.7067,4.7859,4.6571,4.7463,4.0853,977985.0,0.0,1.0
2015-07-03,4.7067,4.7166,4.6423,4.6868,4.0341,307353.0,0.0,1.0
2015-07-06,4.6472,4.7017,4.5878,4.667,4.0171,310964.0,0.0,1.0
2015-07-07,4.667,4.8256,4.6472,4.7661,4.1023,338928.0,0.0,1.0
2015-07-08,4.7958,4.8751,4.7562,4.7958,4.1279,486439.0,0.0,1.0
2015-07-09,4.7364,4.8058,4.6769,4.8058,4.1365,302848.0,0.0,1.0
2015-07-10,4.8157,4.8157,4.6571,4.7067,4.0512,538089.0,0.0,1.0
2015-07-13,4.6571,4.7364,4.6472,4.6472,4.0,532185.0,0.0,1.0
2015-07-14,4.7265,4.7463,4.5779,4.7265,4.0682,248710.0,0.0,1.0
2015-07-15,4.7364,4.7463,4.667,4.7067,4.0512,572206.0,0.0,1.0
2015-07-16,4.7958,4.8058,4.7067,4.776,4.1109,619929.0,0.0,1.0
2015-07-17,4.8058,4.8553,4.7661,4.8454,4.1706,306040.0,0.0,1.0
2015-07-20,4.8553,4.8553,4.776,4.7958,4.1279,657917.0,0.0,1.0
2015-07-21,4.8157,4.8553,4.8157,4.8553,4.1791,421625.0,0.0,1.0
2015-07-22,4.8454,4.8553,4.776,4.7859,4.1194,327482.0,0.0,1.0
2015-07-23,4.7958,4.8157,4.7116,4.7166,4.0597,442537.0,0.0,1.0
2015-07-24,4.7067,4.7265,4.5779,4.6076,3.9659,705071.0,0.0,1.0
2015-07-27,4.5878,4.6274,4.5679,4.5977,3.9573,214468.0,0.0,1.0
2015-07-28,4.5679,4.6769,4.558,4.6571,4.0085,497775.0,0.0,1.0
2015-07-29,4.6769,4.7067,4.558,4.558,3.9232,619241.0,0.0,1.0
2015-07-30,4.5679,4.5977,4.558,4.5679,3.9318,283369.0,0.0,1.0
2015-07-31,4.5779,4.5977,4.449,4.4788,3.855,822270.0,0.0,1.0
2015-08-03,4.4788,4.5779,4.4689,4.5679,3.9318,188019.0,0.0,1.0
2015-08-04,4.558,4.6571,4.5184,4.5382,3.9062,544483.0,0.0,1.0
2015-08-05,4.5184,4.5878,4.5184,4.5679,3.9318,327307.0,0.0,1.0
2015-08-06,4.5481,4.5779,4.4788,4.4788,3.855,379379.0,0.0,1.0
2015-08-07,4.4589,4.4986,4.4391,4.449,3.8294,290476.0,0.0,1.0
2015-08-10,4.449,4.4887,4.449,4.4689,3.8465,278739.0,0.0,1.0
2015-08-11,4.5085,4.5432,4.4738,4.4986,3.8721,288211.0,0.0,1.0
2015-08-12,4.4887,4.5085,4.3499,4.4292,3.8124,534590.0,0.0,1.0
2015-08-13,4.449,4.4788,4.4391,4.4391,3.8209,307228.0,0.0,1.0
2015-08-14,4.4292,4.4589,4.3797,4.3896,3.7782,341355.0,0.0,1.0
2015-08-17,4.3995,4.4094,4.2905,4.3103,3.71,335446.0,0.0,1.0
2015-08-18,4.2806,4.34,4.2756,4.3103,3.71,652036.0,0.0,1.0
2015-08-19,4.3103,4.3896,4.3103,4.3896,3.7782,414653.0,0.0,1.0
2015-08-20,4.34,4.3797,4.2806,4.2806,3.6844,389597.0,0.0,1.0
2015-08-21,4.2608,4.3202,4.2211,4.3202,3.7185,576705.0,0.0,1.0
2015-08-24,4.241,4.241,4.1121,4.2013,3.6162,799640.0,0.0,1.0
2015-08-25,4.0626,4.4144,3.9932,4.3499,3.7441,882143.0,0.0,1.0
2015-08-26,4.1419,4.3301,4.132,4.2112,3.6247,1655978.0,0.0,1.0
2015-08-27,4.3004,4.4788,4.3004,4.3896,3.7782,645677.0,0.0,1.0
2015-08-28,4.3995,4.4094,4.3301,4.3599,3.7527,721940.0,0.0,1.0
2015-08-31,4.3004,4.449,4.2806,4.3698,3.7612,753886.0,0.0,1.0
2015-09-01,4.3004,4.3797,4.2608,4.3202,3.7185,1050618.0,0.0,1.0
2015-09-02,4.1617,4.3103,4.1121,4.2509,3.7455,1095195.0,0.0,1.0
2015-09-03,4.3103,4.3103,4.1666,4.1914,3.6932,377508.0,0.0,1.0
2015-09-04,4.1914,4.3202,4.122,4.3004,3.7892,612160.0,0.0,1.0
2015-09-07,4.3202,4.4193,4.2806,4.3698,3.8503,726589.0,0.0,1.0
2015-09-08,4.3896,4.4292,4.3301,4.4193,3.894,745041.0,0.0,1.0
2015-09-09,4.4589,4.6076,4.4292,4.6076,4.0599,1674990.0,0.0,1.0
2015-09-10,4.3995,4.5977,4.3599,4.5283,3.99,1159594.0,0.0,1.0
2015-09-11,4.5184,4.5878,4.4589,4.558,4.0162,649254.0,0.0,1.0
2015-09-14,4.6175,4.6571,4.4887,4.5779,4.0337,1020125.0,0.0,1.0
2015-09-15,4.5779,4.5878,4.5085,4.5481,4.0075,971531.0,0.0,1.0
2015-09-16,4.5382,4.6968,4.5382,4.6968,4.1384,820030.0,0.0,1.0
2015-09-17,4.8256,4.8256,4.6274,4.6472,4.0948,1080428.0,0.0,1.0
2015-09-18,4.6373,4.6968,4.5878,4.6175,4.0686,663782.0,0.0,1.0
2015-09-21,4.5382,4.5481,4.4589,4.5184,3.9813,504912.0,0.0,1.0
2015-09-22,4.5878,4.6522,4.5085,4.5977,4.0511,503357.0,0.0,1.0
2015-09-23,4.5382,4.6274,4.4986,4.5382,3.9987,642083.0,0.0,1.0
2015-09-24,4.5679,4.776,4.5481,4.7463,4.1821,1180473.0,0.0,1.0
2015-09-25,4.7661,4.7859,4.5977,4.6373,4.086,1193858.0,0.0,1.0
2015-09-28,4.6175,4.6968,4.6175,4.6868,4.1297,1060240.0,0.0,1.0
2015-09-29,4.5085,4.5779,4.4689,4.5382,3.9987,1281500.0,0.0,1.0
2015-09-30,4.5184,4.7067,4.5184,4.6968,4.1384,3466708.0,0.0,1.0
2015-10-01,4.6769,4.7661,4.6769,4.7463,4.1821,1046496.0,0.0,1.0
2015-10-02,4.776,4.7859,4.7166,4.7562,4.1908,707277.0,0.0,1.0
2015-10-05,4.7463,4.9048,4.7463,4.8949,4.3131,617685.0,0.0,1.0
2015-10-06,4.9346,4.9692,4.8553,4.8949,4.3131,1117545.0,0.0,1.0
2015-10-07,4.8949,4.9445,4.5779,4.6175,4.0686,2502896.0,0.0,1.0
2015-10-08,4.7364,4.7661,4.6472,4.6868,4.1297,1174281.0,0.0,1.0
2015-10-09,4.7265,4.8058,4.7067,4.8058,4.2345,1317240.0,0.0,1.0
2015-10-12,4.8058,4.8751,4.7958,4.8058,4.2345,739858.0,0.0,1.0
2015-10-13,4.8553,4.885,4.8008,4.8454,4.2694,643339.0,0.0,1.0
2015-10-14,4.7958,4.9544,4.776,4.9544,4.3654,1174676.0,0.0,1.0
2015-10-15,4.9544,4.9544,4.8256,4.9048,4.3218,838240.0,0.0,1.0
2015-10-16,4.9544,4.9742,4.8652,4.8949,4.3131,639418.0,0.0,1.0
2015-10-19,4.9346,4.9445,4.8702,4.9445,4.3567,735646.0,0.0,1.0
2015-10-20,4.9048,4.9841,4.9048,4.9643,4.3742,370000.0,0.0,1.0
2015-10-21,4.9544,5.1773,4.9098,5.0634,4.4615,1381908.0,0.0,1.0
2015-10-22,5.0436,5.0733,4.9147,5.0634,4.4615,1172119.0,0.0,1.0
2015-10-23,5.1526,5.1724,5.103,5.1427,4.5313,631043.0,0.0,1.0
2015-10-26,5.1625,5.2021,5.0584,5.0733,4.4702,779517.0,0.0,1.0
2015-10-27,5.0733,5.0733,4.9742,4.9841,4.3916,1061404.0,0.0,1.0
2015-10-28,4.9742,4.994,4.9147,4.9346,4.348,1788034.0,0.0,1.0
2015-10-29,4.9742,5.0832,4.9048,4.9643,4.3742,476437.0,0.0,1.0
2015-10-30,4.9247,5.0832,4.9247,5.0832,4.4789,753890.0,0.0,1.0
2015-11-02,5.0832,5.103,4.9841,5.0634,4.4615,343771.0,0.0,1.0
2015-11-03,5.1327,5.1327,5.0634,5.103,4.4964,585594.0,0.0,1.0
2015-11-04,5.1922,5.2021,5.103,5.1823,4.5662,808845.0,0.0,1.0
2015-11-05,5.2021,5.2021,4.9841,5.0138,4.4178,907098.0,0.0,1.0
2015-11-06,5.0039,5.1129,4.9742,5.0436,4.444,672321.0,0.0,1.0
2015-11-09,5.0237,5.0337,4.9346,4.994,4.4004,468399.0,0.0,1.0
2015-11-10,4.9544,4.9841,4.8949,4.9544,4.3654,783125.0,0.0,1.0
2015-11-11,4.9742,4.994,4.8454,4.8949,4.3131,996667.0,0.0,1.0
2015-11-12,4.9544,5.1327,4.8949,5.103,4.4964,890068.0,0.0,1.0
2015-11-13,5.0436,5.0733,4.9841,5.0535,4.4527,638348.0,0.0,1.0
2015-11-16,4.994,5.0634,4.8553,5.0337,4.4353,816725.0,0.0,1.0
2015-11-17,5.1129,5.1526,5.0634,5.1526,4.5401,608560.0,0.0,1.0
2015-11-18,5.1427,5.1724,5.0931,5.1228,4.5139,709465.0,0.0,1.0
2015-11-19,5.0138,5.0138,4.667,4.7364,4.1734,3373886.0,0.0,1.0
2015-11-20,4.7562,4.8751,4.7463,4.8751,4.2956,1081544.0,0.0,1.0
2015-11-23,4.8652,4.9147,4.7661,4.8058,4.2345,530060.0,0.0,1.0
2015-11-24,4.7859,4.8256,4.7562,4.7661,4.1995,1253939.0,0.0,1.0
2015-11-25,4.7364,4.8058,4.6373,4.6472,4.0948,1429215.0,0.0,1.0
2015-11-26,4.6769,4.8652,4.6769,4.8256,4.2519,821958.0,0.0,1.0
2015-11-27,4.8751,4.885,4.6868,4.7364,4.1734,824416.0,0.0,1.0
2015-11-30,4.7463,4.776,4.6769,4.7067,4.1472,1013249.0,0.0,1.0
2015-12-01,4.7364,4.8157,4.7067,4.8157,4.2432,852352.0,0.0,1.0
2015-12-02,4.8157,4.8157,4.6868,4.6868,4.1297,547391.0,0.0,1.0
2015-12-03,4.6274,4.7463,4.6274,4.7166,4.1559,867386.0,0.0,1.0
2015-12-04,4.558,4.6175,4.5283,4.5878,4.0424,1085293.0,0.0,1.0
2015-12-07,4.5382,4.6274,4.4887,4.6076,4.0599,1148461.0,0.0,1.0
2015-12-08,4.5779,4.6769,4.5779,4.667,4.1122,1038335.0,0.0,1.0
2015-12-09,4.6769,4.8355,4.6274,4.8058,4.2345,1071583.0,0.0,1.0
2015-12-10,4.7958,4.7958,4.6968,4.7562,4.1908,1101926.0,0.0,1.0
2015-12-11,4.7364,4.7661,4.6769,4.6968,4.1384,641202.0,0.0,1.0
2015-12-14,4.6076,4.6868,4.5779,4.5779,4.0337,645690.0,0.0,1.0
2015-12-15,4.6472,4.6769,4.5977,4.6175,4.0686,1443058.0,0.0,1.0
2015-12-16,4.6571,4.6571,4.5977,4.6076,4.0599,848379.0,0.0,1.0
2015-12-17,4.6571,4.7067,4.6373,4.6769,4.121,1115001.0,0.0,1.0
2015-12-18,4.6076,4.7661,4.6076,4.7265,4.1646,1923546.0,0.0,1.0
2015-12-21,4.6868,4.7265,4.667,4.6968,4.1384,495399.0,0.0,1.0
2015-12-22,4.7562,4.8157,4.6968,4.7364,4.1734,635957.0,0.0,1.0
2015-12-23,4.6868,4.7463,4.6769,4.7463,4.1821,164402.0,0.0,1.0
2015-12-24,4.7265,4.7859,4.6769,4.7661,4.1995,115957.0,0.0,1.0
2015-12-28,4.7661,4.7661,4.7661,4.7661,4.1995,0.0,0.0,1.0
2015-12-29,4.8058,4.9048,4.7661,4.9048,4.3218,275262.0,0.0,1.0
2015-12-30,4.9544,4.9544,4.885,4.9445,4.3567,315911.0,0.0,1.0
2015-12-31,4.9544,5.0436,4.9346,4.9841,4.3916,314710.0,0.0,1.0
2016-01-04,4.9544,4.9841,4.9048,4.9643,4.3742,679606.0,0.0,1.0
2016-01-05,4.8652,4.9346,4.6175,4.6274,4.0773,927395.0,0.0,1.0
2016-01-06,4.667,4.667,4.5382,4.6076,4.0599,616078.0,0.0,1.0
2016-01-07,4.6274,4.6274,4.5679,4.5779,4.0337,651634.0,0.0,1.0
2016-01-08,4.4986,4.6076,4.4589,4.5481,4.0075,485629.0,0.0,1.0
2016-01-11,4.4589,4.4887,4.3896,4.4788,3.9464,870460.0,0.0,1.0
2016-01-12,4.4887,4.5085,4.4292,4.4689,3.9376,478541.0,0.0,1.0
2016-01-13,4.4689,4.5679,4.4689,4.5382,3.9987,556901.0,0.0,1.0
2016-01-14,4.3599,4.5184,4.3599,4.4986,3.9638,616986.0,0.0,1.0
2016-01-15,4.5977,4.5977,4.4589,4.4788,3.9464,635066.0,0.0,1.0
2016-01-18,4.3995,4.4986,4.3995,4.4788,3.9464,297807.0,0.0,1.0
2016-01-19,4.6175,4.8553,4.5977,4.6968,4.1384,1004503.0,0.0,1.0
2016-01-20,4.7067,4.7661,4.6175,4.6472,4.0948,796442.0,0.0,1.0
2016-01-21,4.7463,4.8157,4.6968,4.7463,4.1821,885859.0,0.0,1.0
2016-01-22,4.7958,4.8305,4.6769,4.8157,4.2432,631371.0,0.0,1.0
2016-01-25,4.9147,4.9147,4.8256,4.885,4.3043,368143.0,0.0,1.0
2016-01-27,4.8652,4.9147,4.8107,4.8751,4.2956,695762.0,0.0,1.0
2016-01-28,4.8553,4.9742,4.8157,4.9445,4.3567,713763.0,0.0,1.0
2016-01-29,4.9346,4.9841,4.885,4.9346,4.348,641647.0,0.0,1.0
2016-02-01,4.994,5.0237,4.9048,4.9445,4.3567,711160.0,0.0,1.0
2016-02-02,4.9346,4.9544,4.7958,4.7958,4.2257,683699.0,0.0,1.0
2016-02-03,4.7166,4.8652,4.7166,4.7958,4.2257,653722.0,0.0,1.0
2016-02-04,4.7958,4.8355,4.7463,4.8058,4.2345,604689.0,0.0,1.0
2016-02-05,4.7859,4.8652,4.7661,4.8553,4.2781,419016.0,0.0,1.0
2016-02-08,4.8454,4.885,4.8058,4.8553,4.2781,354790.0,0.0,1.0
2016-02-09,4.667,4.7463,4.6076,4.6373,4.086,715159.0,0.0,1.0
2016-02-10,4.6274,4.6621,4.5679,4.5977,4.0511,605398.0,0.0,1.0
2016-02-11,4.5878,4.7463,4.5878,4.7364,4.1734,435709.0,0.0,1.0
2016-02-12,4.6571,4.667,4.5679,4.6175,4.0686,449945.0,0.0,1.0
2016-02-15,4.6769,4.7364,4.5977,4.6175,4.0686,709544.0,0.0,1.0
2016-02-16,4.6571,4.6769,4.6076,4.6472,4.0948,576285.0,0.0,1.0
2016-02-17,4.6868,4.7364,4.5977,4.6274,4.0773,998772.0,0.0,1.0
2016-02-18,4.6769,4.7166,4.6472,4.6472,4.0948,1102796.0,0.0,1.0
2016-02-19,4.6472,4.6571,4.5878,4.6175,4.0686,2382971.0,0.0,1.0
2016-02-22,4.6175,4.7364,4.5679,4.6868,4.1297,593572.0,0.0,1.0
2016-02-23,4.6868,4.7265,4.6472,4.667,4.1122,560280.0,0.0,1.0
2016-02-24,4.6571,4.9048,4.6571,4.7562,4.1908,980220.0,0.0,1.0
2016-02-25,4.7661,4.8949,4.6175,4.6472,4.0948,1450405.0,0.0,1.0
2016-02-26,4.6472,4.7067,4.5481,4.6968,4.1384,1453333.0,0.0,1.0
2016-02-29,4.7166,4.7265,4.6274,4.6769,4.121,735278.0,0.0,1.0
2016-03-01,4.6769,4.7265,4.6274,4.6472,4.0948,805312.0,0.0,1.0
2016-03-02,4.6968,4.6968,4.6175,4.6769,4.121,1024708.0,0.0,1.0
2016-03-03,4.5679,4.6868,4.5481,4.6571,4.1932,708325.0,0.0,1.0
2016-03-04,4.6769,4.6769,4.5481,4.558,4.104,706067.0,0.0,1.0
2016-03-07,4.6076,4.6769,4.5878,4.6373,4.1753,784661.0,0.0,1.0
2016-03-08,4.6076,4.6769,4.6076,4.6274,4.1664,522832.0,0.0,1.0
2016-03-09,4.6076,4.7364,4.5977,4.7166,4.2467,604132.0,0.0,1.0
2016-03-10,4.6968,4.7463,4.6373,4.7265,4.2556,616890.0,0.0,1.0
2016-03-11,4.7562,4.7859,4.7166,4.7859,4.3091,371219.0,0.0,1.0
2016-03-14,4.7859,4.8454,4.7067,4.7364,4.2645,344048.0,0.0,1.0
2016-03-15,4.7265,4.7364,4.6769,4.6868,4.2199,520526.0,0.0,1.0
2016-03-16,4.6769,4.7859,4.6769,4.7859,4.3091,595900.0,0.0,1.0
2016-03-17,4.8256,4.885,4.776,4.8751,4.3894,791906.0,0.0,1.0
2016-03-18,4.8949,4.9346,4.8553,4.9048,4.4162,562021.0,0.0,1.0
2016-03-21,4.8751,4.9048,4.8454,4.9048,4.4162,400345.0,0.0,1.0
2016-03-22,4.9247,4.9247,4.8355,4.885,4.3984,348412.0,0.0,1.0
2016-03-23,4.8751,4.8751,4.8058,4.8553,4.3716,474153.0,0.0,1.0
2016-03-24,4.8355,5.0436,4.7958,4.9643,4.4697,1336790.0,0.0,1.0
2016-03-29,4.994,5.0634,4.9643,4.994,4.4965,316837.0,0.0,1.0
2016-03-30,5.0237,5.0436,4.8454,4.8553,4.3716,758396.0,0.0,1.0
2016-03-31,4.9445,4.994,4.885,4.9445,4.4519,748515.0,0.0,1.0
2016-04-01,4.8751,4.9147,4.8157,4.8256,4.3448,667538.0,0.0,1.0
2016-04-04,4.8355,4.8751,4.7661,4.776,4.3002,487555.0,0.0,1.0
2016-04-05,4.7463,4.8355,4.7463,4.8256,4.3448,262967.0,0.0,1.0
2016-04-06,4.8157,4.9147,4.7711,4.8949,4.4073,469774.0,0.0,1.0
2016-04-07,4.9048,4.9445,4.9048,4.9445,4.4519,296996.0,0.0,1.0
2016-04-08,4.8652,4.9742,4.8652,4.9346,4.443,460475.0,0.0,1.0
2016-04-11,4.9147,4.9544,4.8949,4.9445,4.4519,383663.0,0.0,1.0
2016-04-12,4.9247,4.9544,4.9048,4.9445,4.4519,200193.0,0.0,1.0
2016-04-13,4.9742,5.0039,4.885,4.9247,4.434,397564.0,0.0,1.0
2016-04-14,4.9544,4.9643,4.885,4.8949,4.4073,309238.0,0.0,1.0
2016-04-15,4.9147,5.0138,4.8999,4.9445,4.4519,424039.0,0.0,1.0
2016-04-18,4.9346,5.0931,4.9346,5.0237,4.5233,366254.0,0.0,1.0
2016-04-19,5.103,5.1427,5.0138,5.0634,4.559,688920.0,0.0,1.0
2016-04-20,5.0832,5.1228,5.0138,5.0237,4.5233,907257.0,0.0,1.0
2016-04-21,5.2021,5.2021,5.0832,5.1327,4.6214,656839.0,0.0,1.0
2016-04-22,5.1327,5.1327,5.0535,5.0832,4.5768,686069.0,0.0,1.0
2016-04-26,5.1129,5.1476,4.9048,4.9147,4.4251,648421.0,0.0,1.0
2016-04-27,4.9544,5.1823,4.9445,5.0931,4.5857,697589.0,0.0,1.0
2016-04-28,5.1228,5.212,5.103,5.212,4.6928,919456.0,0.0,1.0
2016-04-29,5.2021,5.212,5.0931,5.1327,4.6214,613531.0,0.0,1.0
2016-05-02,5.0039,5.1625,5.0039,5.1625,4.6482,426203.0,0.0,1.0
2016-05-03,5.2021,5.3408,5.1724,5.2913,4.7641,697369.0,0.0,1.0
2016-05-04,5.3408,5.3706,5.2318,5.2417,4.7195,649614.0,0.0,1.0
2016-05-05,5.2417,5.321,5.2021,5.3012,4.7731,358257.0,0.0,1.0
2016-05-06,5.2516,5.4498,5.2219,5.43,4.8891,657152.0,0.0,1.0
2016-05-09,5.4498,5.4994,5.3507,5.4102,4.8712,435929.0,0.0,1.0
2016-05-10,5.43,5.4597,5.3507,5.4201,4.8801,355652.0,0.0,1.0
2016-05-11,5.539,5.5786,5.4696,5.5093,4.9604,745131.0,0.0,1.0
2016-05-12,5.5192,5.5192,5.4498,5.5093,4.9604,534764.0,0.0,1.0
2016-05-13,5.539,5.5687,5.4994,5.5588,5.005,432961.0,0.0,1.0
2016-05-16,5.5588,5.6183,5.5291,5.6084,5.0496,532165.0,0.0,1.0
2016-05-17,5.5489,5.6183,5.4895,5.5588,5.005,591111.0,0.0,1.0
2016-05-18,5.4498,5.5093,5.3557,5.43,4.8891,572621.0,0.0,1.0
2016-05-19,5.4399,5.4498,5.4201,5.4399,4.898,415737.0,0.0,1.0
2016-05-20,5.4498,5.539,5.4498,5.4994,4.9515,394524.0,0.0,1.0
2016-05-23,5.4994,5.5687,5.43,5.4895,4.9426,395590.0,0.0,1.0
2016-05-24,5.4597,5.4994,5.3805,5.4696,4.9247,484390.0,0.0,1.0
2016-05-25,5.5588,5.6876,5.5539,5.6282,5.0675,532629.0,0.0,1.0
2016-05-26,5.5687,5.6282,5.539,5.5985,5.0407,365768.0,0.0,1.0
2016-05-27,5.6876,5.6876,5.5687,5.6282,5.0675,429079.0,0.0,1.0
2016-05-30,5.6282,5.648,5.5885,5.6084,5.0496,179265.0,0.0,1.0
2016-05-31,5.6084,5.6777,5.544,5.648,5.0853,775582.0,0.0,1.0
2016-06-01,5.5588,5.6183,5.4994,5.5192,4.9693,427830.0,0.0,1.0
2016-06-02,5.5489,5.5985,5.4994,5.5093,4.9604,339008.0,0.0,1.0
2016-06-03,5.5291,5.5687,5.4994,5.5291,4.9783,464437.0,0.0,1.0
2016-06-06,5.5093,5.5489,5.4796,5.5192,4.9693,299083.0,0.0,1.0
2016-06-07,5.5687,5.7273,5.5687,5.7174,5.1478,533049.0,0.0,1.0
2016-06-08,5.7471,5.9155,5.7471,5.7966,5.2192,657745.0,0.0,1.0
2016-06-09,5.8957,6.1236,5.8462,5.9552,5.3619,638312.0,0.0,1.0
2016-06-10,5.8858,5.8858,5.7273,5.757,5.1835,533593.0,0.0,1.0
2016-06-14,5.6777,5.7372,5.648,5.6678,5.1032,535200.0,0.0,1.0
2016-06-15,5.648,5.7174,5.6084,5.7075,5.1389,466467.0,0.0,1.0
2016-06-16,5.7669,5.7966,5.6777,5.7471,5.1745,799261.0,0.0,1.0
2016-06-17,5.7768,5.7966,5.6579,5.6876,5.121,282502.0,0.0,1.0
2016-06-20,5.7471,5.7867,5.6678,5.7372,5.1656,204634.0,0.0,1.0
2016-06-21,5.7174,5.7372,5.648,5.7372,5.1656,352414.0,0.0,1.0
2016-06-22,5.7075,5.7669,5.653,5.7372,5.1656,781709.0,0.0,1.0
2016-06-23,5.7372,5.866,5.7273,5.8462,5.2638,579069.0,0.0,1.0
2016-06-24,5.9056,5.9552,5.7372,5.7768,5.2013,1005913.0,0.0,1.0
2016-06-27,5.8264,6.0444,5.8264,6.0047,5.4065,567989.0,0.0,1.0
2016-06-28,5.8957,5.9056,5.8313,5.866,5.2816,663902.0,0.0,1.0
2016-06-29,5.9651,6.0889,5.8858,6.0245,5.4244,791690.0,0.0,1.0
2016-06-30,6.0741,6.1335,5.9552,5.975,5.3797,941478.0,0.0,1.0
2016-07-01,5.9354,6.0344,5.861,5.8858,5.2995,821210.0,0.0,1.0
2016-07-04,5.866,6.0146,5.8462,5.9552,5.3619,1070547.0,0.0,1.0
2016-07-05,5.9453,5.9453,5.7768,5.7768,5.2013,828833.0,0.0,1.0
2016-07-06,5.7471,5.9502,5.7273,5.9155,5.3262,702312.0,0.0,1.0
2016-07-07,5.9453,5.9453,5.8858,5.9056,5.3173,282479.0,0.0,1.0
2016-07-08,5.9155,5.9799,5.9155,5.9552,5.3619,426086.0,0.0,1.0
2016-07-11,6.0444,6.0444,5.8561,5.9056,5.3173,1025780.0,0.0,1.0
2016-07-12,5.8264,5.9155,5.8164,5.8858,5.2995,687696.0,0.0,1.0
2016-07-13,5.9849,6.0196,5.9155,6.0146,5.4154,390223.0,0.0,1.0
2016-07-14,6.0444,6.084,5.9948,6.0146,5.4154,710224.0,0.0,1.0
2016-07-15,5.9948,6.0642,5.9948,6.0245,5.4244,294785.0,0.0,1.0
2016-07-18,6.084,6.1335,6.0047,6.0344,5.4333,564015.0,0.0,1.0
2016-07-19,6.0047,6.0543,5.9601,5.975,5.3797,591992.0,0.0,1.0
2016-07-20,5.975,6.188,5.975,6.0741,5.469,658662.0,0.0,1.0
2016-07-21,6.0642,6.0642,5.9254,5.9453,5.353,918512.0,0.0,1.0
2016-07-22,5.975,5.9948,5.9254,5.9453,5.353,771073.0,0.0,1.0
2016-07-25,5.9254,5.9651,5.7768,5.7867,5.2102,1051304.0,0.0,1.0
2016-07-26,5.7768,5.866,5.7372,5.7669,5.1924,1699118.0,0.0,1.0
2016-07-27,5.7867,5.7867,5.6331,5.648,5.0853,1398118.0,0.0,1.0
2016-07-28,5.6777,5.762,5.6678,5.7075,5.1389,1367787.0,0.0,1.0
2016-07-29,5.7174,5.7471,5.5836,5.6381,5.0764,963924.0,0.0,1.0
2016-08-01,5.539,5.7322,5.5192,5.6876,5.121,710477.0,0.0,1.0
2016-08-02,5.7471,5.757,5.6876,5.6876,5.121,718435.0,0.0,1.0
2016-08-03,5.648,5.6975,5.5885,5.6183,5.0586,804500.0,0.0,1.0
2016-08-04,5.6678,5.6777,5.5885,5.648,5.0853,785187.0,0.0,1.0
2016-08-05,5.6678,5.7223,5.6381,5.6975,5.1299,878502.0,0.0,1.0
2016-08-08,5.7471,5.8561,5.7025,5.8264,5.2459,997902.0,0.0,1.0
2016-08-09,5.8561,5.8957,5.6975,5.7075,5.1389,658747.0,0.0,1.0
2016-08-10,5.7075,5.7273,5.6183,5.7174,5.1478,564496.0,0.0,1.0
2016-08-11,5.6975,5.7273,5.648,5.7273,5.1567,294611.0,0.0,1.0
2016-08-12,5.7471,5.7471,5.648,5.6777,5.1121,412318.0,0.0,1.0
2016-08-15,5.6777,5.8065,5.6777,5.7669,5.1924,524127.0,0.0,1.0
2016-08-16,5.7768,5.8462,5.757,5.8065,5.2281,268565.0,0.0,1.0
2016-08-17,5.8164,5.9155,5.7867,5.7966,5.2192,415514.0,0.0,1.0
2016-08-18,5.8363,5.866,5.7867,5.8164,5.237,401166.0,0.0,1.0
2016-08-19,5.8462,5.8462,5.7669,5.7867,5.2102,406333.0,0.0,1.0
2016-08-22,5.7966,5.8065,5.7075,5.7372,5.1656,458086.0,0.0,1.0
2016-08-23,5.7669,5.8363,5.7174,5.7768,5.2013,1201441.0,0.0,1.0
2016-08-24,5.7867,5.9155,5.7471,5.8759,5.2905,787734.0,0.0,1.0
2016-08-25,5.975,6.2326,5.975,6.2128,5.5939,1053106.0,0.0,1.0
2016-08-26,6.2128,6.3713,6.2029,6.2723,5.6474,969669.0,0.0,1.0
2016-08-29,6.3119,6.3614,6.1732,6.2227,5.6028,641505.0,0.0,1.0
2016-08-30,6.2425,6.2524,6.079,6.1335,5.5225,1300629.0,0.0,1.0
2016-08-31,6.1335,6.193,6.0444,6.0939,5.4868,887767.0,0.0,1.0
2016-09-01,6.1137,6.1236,5.9552,6.0146,5.515,708574.0,0.0,1.0
2016-09-02,5.9849,6.0344,5.9403,6.0047,5.5059,828394.0,0.0,1.0
2016-09-05,6.0939,6.302,6.0741,6.2128,5.6967,707252.0,0.0,1.0
2016-09-06,6.2921,6.4308,6.2921,6.3812,5.8511,803558.0,0.0,1.0
2016-09-07,6.3912,6.52,6.3218,6.3515,5.8239,847222.0,0.0,1.0
2016-09-08,6.3119,6.3664,6.2524,6.3317,5.8057,636826.0,0.0,1.0
2016-09-09,6.302,6.3713,6.1732,6.2128,5.6967,2759945.0,0.0,1.0
2016-09-12,6.1236,6.2128,6.084,6.1236,5.6149,528800.0,0.0,1.0
2016-09-13,6.1732,6.2425,6.1533,6.1732,5.6603,893736.0,0.0,1.0
2016-09-14,6.193,6.2425,6.1335,6.193,5.6785,1005054.0,0.0,1.0
2016-09-15,6.193,6.3416,6.1831,6.3218,5.7966,1122519.0,0.0,1.0
2016-09-16,6.3614,6.411,6.302,6.3416,5.8148,793456.0,0.0,1.0
2016-09-19,6.4506,6.5299,6.3862,6.4209,5.8875,114744.0,0.0,1.0
2016-09-20,6.3515,6.4209,6.2475,6.2623,5.7421,604375.0,0.0,1.0
2016-09-21,6.2227,6.3218,6.1831,6.3119,5.7875,754195.0,0.0,1.0
2016-09-22,6.3713,6.4209,6.3317,6.3912,5.8602,576249.0,0.0,1.0
2016-09-23,6.4011,6.4605,6.3763,6.4407,5.9057,407391.0,0.0,1.0
2016-09-26,6.411,6.4209,6.3168,6.3614,5.833,598415.0,0.0,1.0
2016-09-27,6.3119,6.3812,6.2524,6.2623,5.7421,1187715.0,0.0,1.0
2016-09-28,6.2623,6.3218,6.1633,6.2128,5.6967,896454.0,0.0,1.0
2016-09-29,6.2623,6.3515,6.2326,6.3218,5.7966,562839.0,0.0,1.0
2016-09-30,6.2822,6.2921,6.188,6.2524,5.733,478387.0,0.0,1.0
2016-10-03,6.2921,6.3961,6.2921,6.3218,5.7966,243330.0,0.0,1.0
2016-10-04,6.3218,6.3416,6.2326,6.3119,5.7875,595227.0,0.0,1.0
2016-10-05,6.302,6.3119,6.2227,6.2326,5.7149,499517.0,0.0,1.0
2016-10-06,6.3119,6.3763,6.2921,6.3416,5.8148,795182.0,0.0,1.0
2016-10-07,6.3317,6.4605,6.3268,6.411,5.8784,631093.0,0.0,1.0
2016-10-10,6.4902,6.5299,6.4704,6.4902,5.9511,723878.0,0.0,1.0
2016-10-11,6.52,6.5547,6.4803,6.5002,5.9602,833083.0,0.0,1.0
2016-10-12,6.5101,6.6389,6.4803,6.6092,6.0601,761097.0,0.0,1.0
2016-10-13,6.5893,6.6587,6.5596,6.5794,6.0329,682216.0,0.0,1.0
2016-10-14,6.5794,6.6785,6.5596,6.6389,6.0874,788553.0,0.0,1.0
2016-10-17,6.6884,6.738,6.6587,6.6884,6.1328,790055.0,0.0,1.0
2016-10-18,6.7181,6.7578,6.5893,6.629,6.0783,729676.0,0.0,1.0
2016-10-19,6.6488,6.6785,6.5398,6.5497,6.0056,1096588.0,0.0,1.0
2016-10-20,6.5695,6.6092,6.4902,6.5596,6.0147,633287.0,0.0,1.0
2016-10-21,6.5497,6.6042,6.4902,6.5695,6.0238,784011.0,0.0,1.0
2016-10-24,6.5695,6.6488,6.4308,6.4407,5.9057,1274770.0,0.0,1.0
2016-10-25,6.4209,6.4902,6.4209,6.4605,5.9238,835981.0,0.0,1.0
2016-10-26,6.411,6.4407,6.3912,6.411,5.8784,626782.0,0.0,1.0
2016-10-27,6.4011,6.5002,6.3912,6.4605,5.9238,1021488.0,0.0,1.0
2016-10-28,6.4704,6.5299,6.4407,6.4605,5.9238,600895.0,0.0,1.0
2016-10-31,6.4506,6.5299,6.4506,6.5101,5.9693,476141.0,0.0,1.0
2016-11-01,6.4605,6.5348,6.4506,6.5101,5.9693,402105.0,0.0,1.0
2016-11-02,6.4506,6.4605,6.1633,6.2227,5.7058,1559954.0,0.0,1.0
2016-11-03,6.1434,6.2623,6.1137,6.2029,5.6876,509517.0,0.0,1.0
2016-11-04,6.1633,6.2524,6.1583,6.1633,5.6513,699874.0,0.0,1.0
2016-11-07,6.1533,6.2425,6.1533,6.2326,5.7149,496445.0,0.0,1.0
2016-11-08,6.2227,6.2227,6.084,6.1335,5.624,975127.0,0.0,1.0
2016-11-09,6.1633,6.193,5.8858,5.9552,5.4605,1297500.0,0.0,1.0
2016-11-10,6.0543,6.2128,6.0543,6.1633,5.6513,504027.0,0.0,1.0
2016-11-11,6.1732,6.1732,5.975,5.9948,5.4968,819696.0,0.0,1.0
2016-11-14,5.9849,6.0444,5.8957,6.0245,5.5241,931608.0,0.0,1.0
2016-11-15,6.0741,6.1038,5.9552,5.9849,5.4877,717130.0,0.0,1.0
2016-11-16,5.9651,5.975,5.8561,5.9552,5.4605,455106.0,0.0,1.0
2016-11-17,5.8858,6.079,5.7768,5.9651,5.4696,1153639.0,0.0,1.0
2016-11-18,5.975,6.1137,5.975,6.084,5.5786,600462.0,0.0,1.0
2016-11-21,6.084,6.0939,6.0146,6.0245,5.5241,327612.0,0.0,1.0
2016-11-22,6.0146,6.1831,5.9849,6.1236,5.6149,678756.0,0.0,1.0
2016-11-23,6.1335,6.2723,6.0988,6.2524,5.733,949329.0,0.0,1.0
2016-11-24,6.302,6.3119,6.1187,6.1335,5.624,577355.0,0.0,1.0
2016-11-25,6.1831,6.193,6.1038,6.1137,5.6058,808072.0,0.0,1.0
2016-11-28,6.1434,6.1831,6.1038,6.1038,5.5967,413802.0,0.0,1.0
2016-11-29,6.2029,6.4803,6.1633,6.4407,5.9057,1042552.0,0.0,1.0
2016-11-30,6.4506,6.4803,6.411,6.4506,5.9147,1036442.0,0.0,1.0
2016-12-01,6.5101,6.6092,6.4407,6.6092,6.0601,916390.0,0.0,1.0
2016-12-02,6.5992,6.5992,6.3812,6.4209,5.8875,906774.0,0.0,1.0
2016-12-05,6.4902,6.4902,6.2921,6.3317,5.8057,552630.0,0.0,1.0
2016-12-06,6.3416,6.3812,6.2623,6.2921,5.7694,1283131.0,0.0,1.0
2016-12-07,6.3119,6.4209,6.2723,6.411,5.8784,877860.0,0.0,1.0
2016-12-08,6.4803,6.4803,6.3317,6.3515,5.8239,755228.0,0.0,1.0
2016-12-09,6.3713,6.4011,6.3317,6.3515,5.8239,745977.0,0.0,1.0
2016-12-12,6.3218,6.3218,6.2227,6.2227,5.7058,664384.0,0.0,1.0
2016-12-13,6.1732,6.2128,6.084,6.1831,5.6694,2086944.0,0.0,1.0
2016-12-14,6.2128,6.4308,6.2078,6.3614,5.833,957720.0,0.0,1.0
2016-12-15,6.2425,6.411,6.2425,6.3416,5.8148,1351598.0,0.0,1.0
2016-12-16,6.3416,6.4357,6.3317,6.411,5.8784,1213410.0,0.0,1.0
2016-12-19,6.411,6.4902,6.4011,6.4011,5.8693,527229.0,0.0,1.0
2016-12-20,6.3812,6.5497,6.3812,6.5299,5.9874,726994.0,0.0,1.0
2016-12-21,6.5893,6.7082,6.5794,6.6884,6.1328,829649.0,0.0,1.0
2016-12-22,6.7181,6.7181,6.6191,6.6389,6.0874,801073.0,0.0,1.0
2016-12-23,6.6884,6.7082,6.629,6.6389,6.0874,391879.0,0.0,1.0
2016-12-28,6.6389,6.7627,6.6389,6.7181,6.1601,155047.0,0.0,1.0
2016-12-29,6.738,6.738,6.6587,6.6884,6.1328,193584.0,0.0,1.0
2016-12-30,6.6884,6.6983,6.6488,6.6884,6.1328,89312.0,0.0,1.0
2017-01-03,6.6884,6.8172,6.6884,6.7677,6.2055,317395.0,0.0,1.0
2017-01-04,6.7875,6.8271,6.7776,6.8073,6.2418,541984.0,0.0,1.0
2017-01-05,6.7578,6.8172,6.6736,6.6884,6.1328,647959.0,0.0,1.0
2017-01-06,6.7181,6.7875,6.629,6.6587,6.1055,318260.0,0.0,1.0
2017-01-09,6.6587,6.7677,6.5992,6.6587,6.1055,453767.0,0.0,1.0
2017-01-10,6.738,6.738,6.5893,6.5893,6.0419,456892.0,0.0,1.0
2017-01-11,6.5992,6.6785,6.5002,6.5299,5.9874,408363.0,0.0,1.0
2017-01-12,6.5398,6.5596,6.411,6.4704,5.9329,832318.0,0.0,1.0
2017-01-13,6.4704,6.5596,6.4704,6.5002,5.9602,281095.0,0.0,1.0
2017-01-16,6.5002,6.6191,6.5002,6.5596,6.0147,652445.0,0.0,1.0
2017-01-17,6.5398,6.5943,6.5299,6.5398,5.9965,391765.0,0.0,1.0
2017-01-18,6.5002,6.5497,6.4704,6.5497,6.0056,646067.0,0.0,1.0
2017-01-19,6.5794,6.5992,6.4803,6.5101,5.9693,646463.0,0.0,1.0
2017-01-20,6.5497,6.5596,6.4506,6.4605,5.9238,401448.0,0.0,1.0
2017-01-23,6.5794,6.5794,6.4407,6.4506,5.9147,496103.0,0.0,1.0
2017-01-24,6.52,6.7082,6.52,6.7082,6.151,645014.0,0.0,1.0
2017-01-25,6.738,6.7677,6.5992,6.6983,6.1419,438024.0,0.0,1.0
2017-01-27,6.5794,6.7875,6.5596,6.6191,6.0692,582627.0,0.0,1.0
2017-01-30,6.5596,6.5794,6.5002,6.52,5.9783,363770.0,0.0,1.0
2017-01-31,6.4407,6.4902,6.4209,6.4704,5.9329,459455.0,0.0,1.0
2017-02-01,6.3912,6.4704,6.3912,6.4605,5.9238,587596.0,0.0,1.0
2017-02-02,6.4209,6.4605,6.3912,6.3912,5.8602,437327.0,0.0,1.0
2017-02-03,6.3812,6.5002,6.2921,6.4902,5.9511,405422.0,0.0,1.0
2017-02-06,6.5695,6.5695,6.4209,6.4704,5.9329,249113.0,0.0,1.0
2017-02-07,6.4308,6.5596,6.3912,6.4308,5.8966,1312795.0,0.0,1.0
2017-02-08,6.3912,6.6191,6.3912,6.6092,6.0601,620335.0,0.0,1.0
2017-02-09,6.7181,6.8321,6.7181,6.7677,6.2055,1466935.0,0.0,1.0
2017-02-10,6.8371,6.8866,6.7776,6.8371,6.2691,743652.0,0.0,1.0
2017-02-13,6.9163,7.0253,6.8569,6.946,6.369,739056.0,0.0,1.0
2017-02-14,7.0253,7.0253,6.8866,6.9064,6.3327,782547.0,0.0,1.0
2017-02-15,6.946,6.9659,6.8172,6.9064,6.3327,997299.0,0.0,1.0
2017-02-16,6.9857,6.9857,6.8123,6.8172,6.2509,854280.0,0.0,1.0
2017-02-17,6.8371,6.8569,6.7082,6.7281,6.1691,898066.0,0.0,1.0
2017-02-20,6.7875,6.7875,6.6092,6.7082,6.151,1005164.0,0.0,1.0
2017-02-21,6.738,6.738,6.5547,6.5695,6.0238,740990.0,0.0,1.0
2017-02-22,6.738,6.738,6.4704,6.5992,6.051,805796.0,0.0,1.0
2017-02-23,6.6488,6.6686,6.5943,6.6191,6.0692,1478709.0,0.0,1.0
2017-02-24,6.738,6.738,6.629,6.6785,6.1237,612061.0,0.0,1.0
2017-02-27,6.6983,6.7181,6.6191,6.6785,6.1237,725701.0,0.0,1.0
2017-02-28,6.6785,6.6785,6.5695,6.6092,6.0601,905766.0,0.0,1.0
2017-03-01,6.6488,6.6587,6.5398,6.5992,6.051,545487.0,0.0,1.0
2017-03-02,6.629,6.629,6.4704,6.52,6.0844,562934.0,0.0,1.0
2017-03-03,6.5101,6.52,6.4011,6.5002,6.0659,750186.0,0.0,1.0
2017-03-06,6.4605,6.5348,6.4407,6.52,6.0844,490770.0,0.0,1.0
2017-03-07,6.52,6.5893,6.4902,6.5695,6.1306,629112.0,0.0,1.0
2017-03-08,6.5893,6.629,6.5299,6.5992,6.1583,522164.0,0.0,1.0
2017-03-09,6.629,6.7281,6.6092,6.6389,6.1953,629801.0,0.0,1.0
2017-03-10,6.7875,6.8668,6.6191,6.6884,6.2416,298159.0,0.0,1.0
2017-03-13,6.8271,6.8271,6.6389,6.7082,6.2601,494103.0,0.0,1.0
2017-03-14,6.7181,6.7281,6.6389,6.6785,6.2323,941766.0,0.0,1.0
2017-03-15,6.629,6.6983,6.5447,6.6983,6.2508,682802.0,0.0,1.0
2017-03-16,6.7181,6.7677,6.6686,6.7181,6.2693,772553.0,0.0,1.0
2017-03-17,6.7578,6.8172,6.6488,6.7776,6.3248,628421.0,0.0,1.0
2017-03-20,6.7281,6.7677,6.6785,6.7181,6.2693,531089.0,0.0,1.0
2017-03-21,6.6884,6.8073,6.6587,6.8073,6.3525,736883.0,0.0,1.0
2017-03-22,6.7875,6.7974,6.6389,6.7181,6.2693,568752.0,0.0,1.0
2017-03-23,6.7181,6.7925,6.7082,6.7677,6.3155,465806.0,0.0,1.0
2017-03-24,6.6785,6.8569,6.6488,6.8271,6.371,470423.0,0.0,1.0
2017-03-27,6.8767,6.9659,6.8073,6.956,6.4912,775451.0,0.0,1.0
2017-03-28,6.956,6.9857,6.8965,6.9659,6.5005,834433.0,0.0,1.0
2017-03-29,7.0352,7.0451,6.9758,7.0451,6.5744,446191.0,0.0,1.0
2017-03-30,7.0848,7.0848,6.9659,6.9659,6.5005,575835.0,0.0,1.0
2017-03-31,6.956,7.0055,6.9361,6.9361,6.4727,351994.0,0.0,1.0
2017-04-03,6.8569,6.9163,6.8271,6.8965,6.4357,384347.0,0.0,1.0
2017-04-04,6.8172,6.9064,6.8172,6.8965,6.4357,590172.0,0.0,1.0
2017-04-05,6.8866,6.8965,6.7578,6.8371,6.3803,675606.0,0.0,1.0
2017-04-06,6.8866,6.956,6.8371,6.8965,6.4357,601791.0,0.0,1.0
2017-04-07,6.7677,6.9213,6.7677,6.9064,6.445,484070.0,0.0,1.0
2017-04-10,6.9956,7.0055,6.9262,6.946,6.482,692576.0,0.0,1.0
2017-04-11,6.9659,6.9956,6.8866,6.9163,6.4542,434037.0,0.0,1.0
2017-04-12,6.9262,6.9262,6.847,6.8767,6.4173,738683.0,0.0,1.0
2017-04-13,6.9262,6.9758,6.8965,6.9262,6.4635,403809.0,0.0,1.0
2017-04-18,6.9064,6.9361,6.8569,6.8965,6.4357,509761.0,0.0,1.0
2017-04-19,6.8767,6.9064,6.8371,6.8569,6.3988,325567.0,0.0,1.0
2017-04-20,6.847,6.8866,6.8172,6.847,6.3895,313944.0,0.0,1.0
2017-04-21,6.9361,6.9361,6.8371,6.8965,6.4357,296799.0,0.0,1.0
2017-04-24,6.9361,6.946,6.8569,6.9361,6.4727,219204.0,0.0,1.0
2017-04-26,6.9361,6.946,6.8965,6.9262,6.4635,397399.0,0.0,1.0
2017-04-27,6.9163,6.9361,6.8866,6.9163,6.4542,295828.0,0.0,1.0
2017-04-28,6.8668,7.0055,6.8668,6.9857,6.519,650597.0,0.0,1.0
2017-05-01,6.9659,7.1244,6.9659,7.1244,6.6484,442209.0,0.0,1.0
2017-05-02,7.3028,7.3424,7.2334,7.3127,6.8241,926331.0,0.0,1.0
2017-05-03,6.6389,6.6884,6.3912,6.5398,6.1029,3822154.0,0.0,1.0
2017-05-04,6.3416,6.4407,6.1633,6.4407,6.0104,2911352.0,0.0,1.0
2017-05-05,6.3614,6.3912,6.2921,6.3218,5.8994,995890.0,0.0,1.0
2017-05-08,6.2623,6.3862,6.1831,6.3317,5.9087,1921579.0,0.0,1.0
2017-05-09,6.3317,6.3763,6.188,6.2029,5.7885,1402514.0,0.0,1.0
2017-05-10,6.2425,6.3317,6.2029,6.3218,5.8994,2005573.0,0.0,1.0
2017-05-11,6.3812,6.5002,6.3466,6.4902,6.0566,1244453.0,0.0,1.0
2017-05-12,6.3812,6.4209,6.2921,6.3218,5.8994,1074891.0,0.0,1.0
2017-05-15,6.2425,6.3416,6.1831,6.193,5.7792,925815.0,0.0,1.0
2017-05-16,6.2227,6.3317,6.2128,6.302,5.8809,1179925.0,0.0,1.0
2017-05-17,6.2425,6.3218,6.2227,6.2326,5.8162,1040724.0,0.0,1.0
2017-05-18,5.9849,6.1682,5.7867,6.0741,5.6683,2291458.0,0.0,1.0
2017-05-19,6.0939,6.3515,6.0939,6.3218,5.8994,1304442.0,0.0,1.0
2017-05-22,6.2524,6.3119,6.1979,6.2623,5.844,782578.0,0.0,1.0
2017-05-23,6.2822,6.3218,6.2029,6.2128,5.7977,1419690.0,0.0,1.0
2017-05-24,6.2227,6.2623,6.2029,6.2524,5.8347,1217943.0,0.0,1.0
2017-05-25,6.2326,6.2524,6.1682,6.2326,5.8162,1536399.0,0.0,1.0
2017-05-26,6.2425,6.2822,6.1831,6.2623,5.844,527226.0,0.0,1.0
2017-05-29,6.2128,6.2822,6.1732,6.1732,5.7607,505738.0,0.0,1.0
2017-05-30,6.1533,6.193,6.1236,6.1335,5.7237,518370.0,0.0,1.0
2017-05-31,6.1236,6.1633,6.0939,6.0939,5.6868,853167.0,0.0,1.0
2017-06-01,6.1335,6.1434,6.084,6.0939,5.6868,949626.0,0.0,1.0
2017-06-02,6.1434,6.1583,6.0939,6.1038,5.696,663035.0,0.0,1.0
2017-06-05,6.1137,6.1633,5.975,6.084,5.6775,1491040.0,0.0,1.0
2017-06-06,6.1831,6.3614,6.1831,6.193,5.7792,1880480.0,0.0,1.0
2017-06-07,6.193,6.193,5.9502,5.9948,5.5943,2098815.0,0.0,1.0
2017-06-08,5.9552,6.0146,5.8759,5.9056,5.5111,1754846.0,0.0,1.0
2017-06-09,5.8561,5.8561,5.7075,5.7867,5.4001,1625287.0,0.0,1.0
2017-06-13,5.757,5.9155,5.757,5.9155,5.5203,1036165.0,0.0,1.0
2017-06-14,5.9354,5.9948,5.9155,5.9651,5.5666,1524141.0,0.0,1.0
2017-06-15,5.9849,6.0146,5.9651,5.9849,5.585,1611269.0,0.0,1.0
2017-06-16,5.9453,6.0642,5.9354,6.0444,5.6405,1029572.0,0.0,1.0
2017-06-19,6.0543,6.0988,6.0146,6.0344,5.6313,480995.0,0.0,1.0
2017-06-20,6.0146,6.0642,5.9948,6.0543,5.6498,787473.0,0.0,1.0
2017-06-21,5.9948,6.0146,5.975,5.9849,5.585,779452.0,0.0,1.0
2017-06-22,5.9552,5.9799,5.9155,5.9453,5.5481,527069.0,0.0,1.0
2017-06-23,6.0344,6.084,5.9651,6.0146,5.6128,470856.0,0.0,1.0
2017-06-26,6.0047,6.0146,5.9254,5.9651,5.5666,1165184.0,0.0,1.0
2017-06-27,5.9453,6.0344,5.9254,6.0146,5.6128,1433869.0,0.0,1.0
2017-06-28,5.9155,6.0543,5.8462,6.0543,5.6498,1182242.0,0.0,1.0
2017-06-29,6.0939,6.1335,6.0543,6.0939,5.6868,404721.0,0.0,1.0
2017-06-30,6.0939,6.1038,5.9155,5.9354,5.5388,696321.0,0.0,1.0
2017-07-03,5.8957,5.9155,5.8264,5.8462,5.4556,382715.0,0.0,1.0
2017-07-04,5.9056,6.084,5.9056,6.084,5.6775,548176.0,0.0,1.0
2017-07-05,6.0444,6.0642,5.9899,6.0146,5.6128,619245.0,0.0,1.0
2017-07-06,5.9849,6.0592,5.9651,6.0444,5.6405,464746.0,0.0,1.0
2017-07-07,6.0047,6.0245,5.9453,6.0047,5.6035,618930.0,0.0,1.0
2017-07-10,6.0444,6.084,6.0146,6.0344,5.6313,419104.0,0.0,1.0
2017-07-11,5.9948,6.0444,5.9651,6.0146,5.6128,420768.0,0.0,1.0
2017-07-12,5.975,5.9849,5.866,5.8858,5.4926,896853.0,0.0,1.0
2017-07-13,5.9056,5.9354,5.8858,5.8858,5.4926,921056.0,0.0,1.0
2017-07-14,5.9155,5.9651,5.9056,5.9552,5.5573,444556.0,0.0,1.0
2017-07-17,5.9056,6.0146,5.8858,5.9651,5.5666,303176.0,0.0,1.0
2017-07-18,5.9453,5.9552,5.866,5.9056,5.5111,354698.0,0.0,1.0
2017-07-19,5.9354,5.9354,5.8363,5.8759,5.4833,224419.0,0.0,1.0
2017-07-20,5.8759,5.9007,5.8363,5.8462,5.4556,354352.0,0.0,1.0
2017-07-21,5.8363,5.8363,5.7223,5.7669,5.3816,403899.0,0.0,1.0
2017-07-24,5.7867,5.8065,5.7372,5.7768,5.3909,356700.0,0.0,1.0
2017-07-25,5.8164,5.8164,5.757,5.7669,5.3816,560247.0,0.0,1.0
2017-07-26,5.7768,5.8363,5.7421,5.7966,5.4094,457731.0,0.0,1.0
2017-07-27,5.7966,5.8065,5.7273,5.7768,5.3909,855954.0,0.0,1.0
2017-07-28,5.7174,5.7372,5.6183,5.648,5.2707,772676.0,0.0,1.0
2017-07-31,5.648,5.7025,5.6331,5.6777,5.2984,667049.0,0.0,1.0
2017-08-01,5.6777,5.7818,5.6381,5.7471,5.3631,893118.0,0.0,1.0
2017-08-02,5.7372,5.7768,5.7075,5.7471,5.3631,429408.0,0.0,1.0
2017-08-03,5.648,5.7471,5.648,5.7174,5.3354,465751.0,0.0,1.0
2017-08-04,5.6777,5.8065,5.6777,5.7669,5.3816,482278.0,0.0,1.0
2017-08-07,5.7966,5.7966,5.7174,5.757,5.3724,609057.0,0.0,1.0
2017-08-08,5.7372,5.7372,5.5638,5.6876,5.3076,829588.0,0.0,1.0
2017-08-09,5.6975,5.8016,5.6876,5.7471,5.3631,650937.0,0.0,1.0
2017-08-10,5.7669,5.8164,5.7174,5.7471,5.3631,1025515.0,0.0,1.0
2017-08-11,5.648,5.7768,5.648,5.7273,5.3446,427555.0,0.0,1.0
2017-08-14,5.7273,5.7768,5.6975,5.7372,5.3539,428541.0,0.0,1.0
2017-08-15,5.7867,5.8561,5.7372,5.757,5.3724,558350.0,0.0,1.0
2017-08-16,5.5489,5.6084,5.4003,5.43,5.0672,1835921.0,0.0,1.0
2017-08-17,5.539,5.539,5.3805,5.4102,5.0487,1169191.0,0.0,1.0
2017-08-18,5.3309,5.4201,5.3111,5.4003,5.0395,714609.0,0.0,1.0
2017-08-21,5.4102,5.43,5.2913,5.321,4.9655,769947.0,0.0,1.0
2017-08-22,5.3309,5.3805,5.2616,5.3805,5.021,1140532.0,0.0,1.0
2017-08-23,5.3309,5.3408,5.1922,5.212,4.97,890082.0,0.0,1.0
2017-08-24,5.1724,5.2219,5.1625,5.1922,4.9511,1114665.0,0.0,1.0
2017-08-25,5.1823,5.2318,5.1823,5.212,4.97,1110862.0,0.0,1.0
2017-08-28,5.2021,5.2368,5.1724,5.1823,4.9417,787106.0,0.0,1.0
2017-08-29,5.1625,5.1823,5.0882,5.1327,4.8944,789286.0,0.0,1.0
2017-08-30,5.1526,5.2318,5.1228,5.2021,4.9606,1639091.0,0.0,1.0
2017-08-31,5.103,5.1773,5.0634,5.103,4.8661,1270290.0,0.0,1.0
2017-09-01,5.103,5.1327,5.0634,5.0733,4.8377,752845.0,0.0,1.0
2017-09-04,5.1228,5.1228,5.0634,5.0634,4.8283,374826.0,0.0,1.0
2017-09-05,5.0832,5.1823,5.0535,5.1724,4.9322,578847.0,0.0,1.0
2017-09-06,5.1526,5.1526,5.0634,5.103,4.8661,553336.0,0.0,1.0
2017-09-07,5.1129,5.2021,5.0832,5.2021,4.9606,1170048.0,0.0,1.0
2017-09-08,5.212,5.2715,5.2021,5.2715,5.0267,1002058.0,0.0,1.0
2017-09-11,5.3111,5.3507,5.2417,5.2516,5.0078,825339.0,0.0,1.0
2017-09-12,5.2516,5.3111,5.212,5.2417,4.9984,616744.0,0.0,1.0
2017-09-13,5.2616,5.2913,5.2021,5.2616,5.0173,925771.0,0.0,1.0
2017-09-14,5.2913,5.2913,5.1823,5.2516,5.0078,802822.0,0.0,1.0
2017-09-15,5.3309,5.3309,5.2417,5.2616,5.0173,722190.0,0.0,1.0
2017-09-18,5.3111,5.3309,5.2814,5.321,5.074,641172.0,0.0,1.0
2017-09-19,5.3408,5.3408,5.2913,5.3309,5.0834,523537.0,0.0,1.0
2017-09-20,5.3507,5.4102,5.321,5.3706,5.1212,1213393.0,0.0,1.0
2017-09-21,5.3706,5.3904,5.2715,5.3507,5.1023,1456438.0,0.0,1.0
2017-09-22,5.3805,5.3805,5.2814,5.3507,5.1023,774828.0,0.0,1.0
2017-09-25,5.3805,5.4003,5.2715,5.3012,5.0551,870270.0,0.0,1.0
2017-09-26,5.321,5.321,5.1922,5.2021,4.9606,922008.0,0.0,1.0
2017-09-27,5.1922,5.2318,5.1625,5.2021,4.9606,528811.0,0.0,1.0
2017-09-28,5.1327,5.2318,5.1327,5.212,4.97,348403.0,0.0,1.0
2017-09-29,5.1526,5.2071,5.1427,5.1922,4.9511,338893.0,0.0,1.0
2017-10-02,5.212,5.2665,5.1922,5.2219,4.9795,451522.0,0.0,1.0
2017-10-03,5.2318,5.2616,5.212,5.2616,5.0173,710706.0,0.0,1.0
2017-10-04,5.212,5.212,5.0634,5.0733,4.8377,1075305.0,0.0,1.0
2017-10-05,5.0634,5.1129,5.0634,5.0931,4.8566,460347.0,0.0,1.0
2017-10-06,5.0931,5.1427,5.0733,5.1129,4.8755,760555.0,0.0,1.0
2017-10-09,5.1526,5.1922,5.1327,5.1724,4.9322,744267.0,0.0,1.0
2017-10-10,5.1327,5.2467,5.1327,5.2219,4.9795,604622.0,0.0,1.0
2017-10-11,5.2616,5.2913,5.212,5.212,4.97,623236.0,0.0,1.0
2017-10-12,5.2318,5.2417,5.1823,5.1922,4.9511,412867.0,0.0,1.0
2017-10-13,5.1724,5.2021,5.1427,5.1724,4.9322,477764.0,0.0,1.0
2017-10-16,5.212,5.321,5.1625,5.3111,5.0645,708792.0,0.0,1.0
2017-10-17,5.3606,5.3706,5.2814,5.3507,5.1023,819419.0,0.0,1.0
2017-10-18,5.3309,5.3706,5.3111,5.3408,5.0929,657634.0,0.0,1.0
2017-10-19,5.3507,5.4201,5.321,5.3805,5.1307,679577.0,0.0,1.0
2017-10-20,5.3805,5.4201,5.3408,5.3805,5.1307,387682.0,0.0,1.0
2017-10-23,5.4102,5.4895,5.4102,5.4895,5.2346,999696.0,0.0,1.0
2017-10-24,5.4895,5.6579,5.4449,5.6579,5.3952,1167174.0,0.0,1.0
2017-10-25,5.7075,5.7174,5.5786,5.648,5.3858,880560.0,0.0,1.0
2017-10-26,5.6678,5.7174,5.6331,5.7075,5.4425,819073.0,0.0,1.0
2017-10-27,5.7174,5.7273,5.648,5.7273,5.4614,1005064.0,0.0,1.0
2017-10-30,5.7273,5.7471,5.6777,5.7174,5.4519,494212.0,0.0,1.0
2017-10-31,5.7273,5.8065,5.7174,5.7471,5.4803,550973.0,0.0,1.0
2017-11-01,5.757,5.7768,5.6777,5.7075,5.4425,768296.0,0.0,1.0
2017-11-02,5.7372,5.757,5.648,5.6777,5.4141,745353.0,0.0,1.0
2017-11-03,5.648,5.7372,5.648,5.7372,5.4708,618794.0,0.0,1.0
2017-11-06,5.757,5.7966,5.7273,5.7471,5.4803,296717.0,0.0,1.0
2017-11-07,5.7768,5.7768,5.7273,5.7372,5.4708,479748.0,0.0,1.0
2017-11-08,5.7273,5.7471,5.6876,5.7372,5.4708,517641.0,0.0,1.0
2017-11-09,5.7471,5.757,5.7174,5.7471,5.4803,438422.0,0.0,1.0
2017-11-10,5.7471,5.762,5.6876,5.7471,5.4803,496534.0,0.0,1.0
2017-11-13,5.757,5.7867,5.7372,5.7471,5.4803,424574.0,0.0,1.0
2017-11-14,5.7471,5.7669,5.7174,5.757,5.4897,383072.0,0.0,1.0
2017-11-15,5.757,5.757,5.757,5.757,5.4897,0.0,0.0,1.0
2017-11-16,5.757,5.757,5.757,5.757,5.4897,0.0,0.0,1.0
2017-11-17,5.6,5.87,5.6,5.65,5.3877,1193034.0,0.0,1.0
2017-11-20,5.61,5.63,5.55,5.59,5.3305,730288.0,0.0,1.0
2017-11-21,5.6,5.62,5.57,5.6,5.34,949047.0,0.0,1.0
2017-11-22,5.6,5.64,5.58,5.58,5.3209,1441788.0,0.0,1.0
2017-11-23,5.6,5.6,5.545,5.56,5.3019,428080.0,0.0,1.0
2017-11-24,5.53,5.57,5.51,5.55,5.2923,588431.0,0.0,1.0
2017-11-27,5.55,5.56,5.51,5.52,5.2637,633427.0,0.0,1.0
2017-11-28,5.52,5.555,5.51,5.54,5.2828,629051.0,0.0,1.0
2017-11-29,5.57,5.59,5.52,5.56,5.3019,596607.0,0.0,1.0
2017-11-30,5.6,5.6,5.5,5.56,5.3019,976089.0,0.0,1.0
2017-12-01,5.58,5.58,5.525,5.55,5.2923,591130.0,0.0,1.0
2017-12-04,5.57,5.57,5.54,5.56,5.3019,418528.0,0.0,1.0
2017-12-05,5.51,5.56,5.51,5.53,5.2732,365811.0,0.0,1.0
2017-12-06,5.53,5.565,5.5,5.51,5.2542,352240.0,0.0,1.0
2017-12-07,5.5,5.52,5.45,5.51,5.2542,535498.0,0.0,1.0
2017-12-08,5.53,5.54,5.49,5.51,5.2542,436173.0,0.0,1.0
2017-12-11,5.5,5.57,5.49,5.55,5.2923,541646.0,0.0,1.0
2017-12-12,5.55,5.6,5.52,5.52,5.2637,1248286.0,0.0,1.0
2017-12-13,5.57,5.57,5.52,5.54,5.2828,625032.0,0.0,1.0
2017-12-14,5.58,5.58,5.46,5.46,5.2065,763710.0,0.0,1.0
2017-12-15,5.41,5.48,5.39,5.45,5.197,676966.0,0.0,1.0
2017-12-18,5.49,5.59,5.49,5.58,5.3209,738341.0,0.0,1.0
2017-12-19,5.58,5.76,5.57,5.76,5.4926,1084701.0,0.0,1.0
2017-12-20,5.75,5.82,5.75,5.79,5.5212,845890.0,0.0,1.0
2017-12-21,5.74,5.74,5.665,5.69,5.4258,584871.0,0.0,1.0
2017-12-22,5.71,5.74,5.68,5.7,5.4354,361117.0,0.0,1.0
2017-12-27,5.74,5.76,5.66,5.66,5.3972,211775.0,0.0,1.0
2017-12-28,5.7,5.71,5.66,5.69,5.4258,180161.0,0.0,1.0
2017-12-29,5.75,5.75,5.67,5.68,5.4163,201037.0,0.0,1.0
2018-01-02,5.67,5.78,5.655,5.78,5.5116,462900.0,0.0,1.0
2018-01-03,5.76,5.78,5.685,5.72,5.4544,263598.0,0.0,1.0
2018-01-04,5.75,5.76,5.71,5.72,5.4544,419285.0,0.0,1.0
2018-01-05,5.71,5.75,5.68,5.73,5.464,241173.0,0.0,1.0
2018-01-08,5.75,5.79,5.73,5.77,5.5021,236302.0,0.0,1.0
2018-01-09,5.76,5.8,5.7,5.73,5.464,261230.0,0.0,1.0
2018-01-10,5.72,5.76,5.42,5.44,5.1874,1289992.0,0.0,1.0
2018-01-11,5.41,5.48,5.38,5.46,5.2065,705406.0,0.0,1.0
2018-01-12,5.47,5.5,5.44,5.49,5.2351,261945.0,0.0,1.0
2018-01-15,5.52,5.56,5.48,5.5,5.2446,355193.0,0.0,1.0
2018-01-16,5.51,5.54,5.48,5.5,5.2446,232615.0,0.0,1.0
2018-01-17,5.45,5.49,5.425,5.45,5.197,408393.0,0.0,1.0
2018-01-18,5.48,5.51,5.45,5.49,5.2351,1073173.0,0.0,1.0
2018-01-19,5.48,5.53,5.47,5.5,5.2446,456032.0,0.0,1.0
2018-01-22,5.5,5.52,5.47,5.48,5.2256,365887.0,0.0,1.0
2018-01-23,5.45,5.48,5.21,5.28,5.0349,1110153.0,0.0,1.0
2018-01-24,5.35,5.35,5.22,5.3,5.0539,640736.0,0.0,1.0
2018-01-25,5.26,5.31,5.21,5.29,5.0444,620325.0,0.0,1.0
2018-01-29,5.27,5.275,5.185,5.24,4.9967,726436.0,0.0,1.0
2018-01-30,5.2,5.24,5.15,5.19,4.949,469621.0,0.0,1.0
2018-01-31,5.2,5.3,5.19,5.3,5.0539,419500.0,0.0,1.0
2018-02-01,5.3,5.3,5.24,5.25,5.0062,400208.0,0.0,1.0
2018-02-02,5.25,5.26,5.2,5.25,5.0062,214965.0,0.0,1.0
2018-02-05,5.19,5.19,5.105,5.12,4.8823,552202.0,0.0,1.0
2018-02-06,5.05,5.08,5.0,5.02,4.7869,811139.0,0.0,1.0
2018-02-07,5.05,5.1,5.025,5.07,4.8346,502511.0,0.0,1.0
2018-02-08,5.03,5.075,5.025,5.05,4.8155,498237.0,0.0,1.0
2018-02-09,5.03,5.06,4.915,4.99,4.7583,443104.0,0.0,1.0
2018-02-12,4.93,4.96,4.905,4.94,4.7106,758371.0,0.0,1.0
2018-02-13,4.93,4.99,4.87,4.96,4.7297,391012.0,0.0,1.0
2018-02-14,4.93,4.97,4.91,4.95,4.7202,468082.0,0.0,1.0
2018-02-15,4.98,5.0,4.96,4.97,4.7392,319804.0,0.0,1.0
2018-02-16,4.97,4.97,4.88,4.88,4.6534,447402.0,0.0,1.0
2018-02-19,4.86,4.91,4.83,4.88,4.6534,854317.0,0.0,1.0
2018-02-20,4.88,4.93,4.88,4.9,4.6725,873200.0,0.0,1.0
2018-02-21,4.95,5.28,4.95,5.23,4.9872,818495.0,0.0,1.0
2018-02-22,5.25,5.37,5.25,5.33,5.0825,906962.0,0.0,1.0
2018-02-23,5.39,5.46,5.38,5.45,5.197,1143362.0,0.0,1.0
2018-02-26,5.59,5.62,5.42,5.5,5.2446,653253.0,0.0,1.0
2018-02-27,5.53,5.53,5.44,5.45,5.197,621163.0,0.0,1.0
2018-02-28,5.44,5.625,5.42,5.6,5.34,1793011.0,0.0,1.0
2018-03-01,5.5,5.52,5.46,5.5,5.3546,747731.0,0.0,1.0
2018-03-02,5.44,5.48,5.33,5.39,5.2475,929394.0,0.0,1.0
2018-03-05,5.35,5.44,5.35,5.38,5.2378,264342.0,0.0,1.0
2018-03-06,5.41,5.5,5.39,5.49,5.3449,316021.0,0.0,1.0
2018-03-07,5.51,5.615,5.48,5.55,5.4033,663291.0,0.0,1.0
2018-03-08,5.56,5.67,5.54,5.67,5.5201,390746.0,0.0,1.0
2018-03-09,5.65,5.795,5.65,5.76,5.6077,515589.0,0.0,1.0
2018-03-12,5.79,5.82,5.74,5.75,5.598,544412.0,0.0,1.0
2018-03-13,5.74,5.74,5.66,5.66,5.5104,666335.0,0.0,1.0
2018-03-14,5.62,5.705,5.61,5.68,5.5298,560824.0,0.0,1.0
2018-03-15,5.67,5.71,5.655,5.68,5.5298,451788.0,0.0,1.0
2018-03-16,5.7,5.7,5.63,5.67,5.5201,510307.0,0.0,1.0
2018-03-19,5.75,5.75,5.63,5.65,5.5006,417437.0,0.0,1.0
2018-03-20,5.67,5.68,5.59,5.66,5.5104,887964.0,0.0,1.0
2018-03-21,5.7,5.76,5.64,5.64,5.4909,614343.0,0.0,1.0
2018-03-22,5.67,5.67,5.61,5.62,5.4714,611130.0,0.0,1.0
2018-03-23,5.6,5.6,5.46,5.49,5.3449,340702.0,0.0,1.0
2018-03-26,5.47,5.505,5.43,5.5,5.3546,268884.0,0.0,1.0
2018-03-27,5.5,5.54,5.46,5.5,5.3546,571740.0,0.0,1.0
2018-03-28,5.46,5.545,5.45,5.5,5.3546,543942.0,0.0,1.0
2018-03-29,5.5,5.53,5.455,5.48,5.3351,699950.0,0.0,1.0
2018-04-03,5.46,5.5,5.42,5.44,5.2962,501443.0,0.0,1.0
2018-04-04,5.43,5.46,5.38,5.41,5.267,300314.0,0.0,1.0
2018-04-05,5.4,5.485,5.4,5.45,5.3059,976392.0,0.0,1.0
2018-04-06,5.45,5.5,5.44,5.45,5.3059,154780.0,0.0,1.0
2018-04-09,5.5,5.64,5.5,5.61,5.4617,758509.0,0.0,1.0
2018-04-10,5.6,5.67,5.59,5.63,5.4812,231223.0,0.0,1.0
2018-04-11,5.61,5.64,5.5,5.52,5.3741,242550.0,0.0,1.0
2018-04-12,5.48,5.54,5.46,5.52,5.3741,327422.0,0.0,1.0
2018-04-13,5.55,5.55,5.46,5.48,5.3351,1321436.0,0.0,1.0
2018-04-16,5.53,5.63,5.53,5.59,5.4422,186898.0,0.0,1.0
2018-04-17,5.6,5.65,5.57,5.57,5.4227,186998.0,0.0,1.0
2018-04-18,5.59,5.63,5.57,5.62,5.4714,347225.0,0.0,1.0
2018-04-19,5.66,5.68,5.62,5.65,5.5006,381863.0,0.0,1.0
2018-04-20,5.65,5.745,5.65,5.71,5.559,959247.0,0.0,1.0
2018-04-23,5.7,5.7,5.62,5.64,5.4909,321313.0,0.0,1.0
2018-04-24,5.68,5.765,5.6,5.6,5.452,683916.0,0.0,1.0
2018-04-26,5.59,5.67,5.55,5.57,5.4227,472510.0,0.0,1.0
2018-04-27,5.62,5.67,5.58,5.61,5.4617,572205.0,0.0,1.0
2018-04-30,5.64,5.76,5.62,5.68,5.5298,497127.0,0.0,1.0
2018-05-01,5.67,5.69,5.625,5.64,5.4909,281907.0,0.0,1.0
2018-05-02,5.65,5.75,5.62,5.65,5.5006,449356.0,0.0,1.0
2018-05-03,5.72,5.75,5.67,5.67,5.5201,1443872.0,0.0,1.0
2018-05-04,5.67,5.72,5.67,5.68,5.5298,180372.0,0.0,1.0
2018-05-07,5.7,5.71,5.64,5.65,5.5006,270179.0,0.0,1.0
2018-05-08,5.69,5.75,5.69,5.71,5.559,606368.0,0.0,1.0
2018-05-09,5.73,5.88,5.715,5.77,5.6175,571682.0,0.0,1.0
2018-05-10,5.8,5.83,5.72,5.73,5.5785,327572.0,0.0,1.0
2018-05-11,5.76,5.84,5.75,5.79,5.6369,198071.0,0.0,1.0
2018-05-14,5.88,5.95,5.85,5.87,5.7148,512660.0,0.0,1.0
2018-05-15,5.92,5.93,5.83,5.84,5.6856,378577.0,0.0,1.0
2018-05-16,5.85,5.89,5.81,5.83,5.6759,581321.0,0.0,1.0
2018-05-17,5.81,5.85,5.7,5.73,5.5785,413449.0,0.0,1.0
2018-05-18,5.79,5.79,5.68,5.72,5.5688,246046.0,0.0,1.0
2018-05-21,5.69,5.8,5.69,5.75,5.598,199902.0,0.0,1.0
2018-05-22,5.75,5.78,5.7,5.71,5.559,206977.0,0.0,1.0
2018-05-23,5.76,5.785,5.675,5.75,5.598,313019.0,0.0,1.0
2018-05-24,5.72,5.77,5.68,5.7,5.5493,258186.0,0.0,1.0
2018-05-25,5.66,5.72,5.65,5.7,5.5493,263121.0,0.0,1.0
2018-05-28,5.72,5.76,5.69,5.73,5.5785,134535.0,0.0,1.0
2018-05-29,5.71,5.72,5.66,5.7,5.5493,411441.0,0.0,1.0
2018-05-30,5.69,5.74,5.64,5.74,5.5883,381932.0,0.0,1.0
2018-05-31,5.76,5.83,5.61,5.66,5.5104,1200989.0,0.0,1.0
2018-06-01,5.63,5.67,5.62,5.65,5.5006,510053.0,0.0,1.0
2018-06-04,5.65,5.65,5.51,5.54,5.3935,368730.0,0.0,1.0
2018-06-05,5.48,5.52,5.23,5.27,5.1307,1924461.0,0.0,1.0
2018-06-06,5.25,5.43,5.24,5.43,5.2864,1435584.0,0.0,1.0
2018-06-07,5.42,5.59,5.42,5.55,5.4033,546171.0,0.0,1.0
2018-06-08,5.54,5.61,5.53,5.56,5.413,397012.0,0.0,1.0
2018-06-12,5.62,5.66,5.58,5.64,5.4909,685455.0,0.0,1.0
2018-06-13,5.63,5.68,5.52,5.52,5.3741,575175.0,0.0,1.0
2018-06-14,5.49,5.51,5.36,5.36,5.2183,929680.0,0.0,1.0
2018-06-15,5.37,5.45,5.3,5.32,5.1794,1331909.0,0.0,1.0
2018-06-18,5.3,5.47,5.3,5.47,5.3254,501985.0,0.0,1.0
2018-06-19,5.46,5.48,5.34,5.35,5.2086,689250.0,0.0,1.0
2018-06-20,5.4,5.41,5.3,5.34,5.1988,615343.0,0.0,1.0
2018-06-21,5.4,5.44,5.31,5.4,5.2572,1382682.0,0.0,1.0
2018-06-22,5.35,5.41,5.2,5.2,5.0625,1133585.0,0.0,1.0
2018-06-25,5.23,5.26,5.19,5.24,5.1015,536737.0,0.0,1.0
2018-06-26,5.24,5.29,5.21,5.28,5.1404,564477.0,0.0,1.0
2018-06-27,5.24,5.31,5.22,5.23,5.0917,768036.0,0.0,1.0
2018-06-28,5.23,5.26,5.17,5.19,5.0528,551082.0,0.0,1.0
2018-06-29,5.2,5.3,5.12,5.27,5.1307,688752.0,0.0,1.0
2018-07-02,5.26,5.28,5.18,5.18,5.0431,632826.0,0.0,1.0
2018-07-03,5.2,5.225,5.19,5.19,5.0528,464693.0,0.0,1.0
2018-07-04,5.17,5.325,5.17,5.25,5.1112,523134.0,0.0,1.0
2018-07-05,5.26,5.29,5.205,5.22,5.082,408438.0,0.0,1.0
2018-07-06,5.22,5.32,5.21,5.3,5.1599,359276.0,0.0,1.0
2018-07-09,5.34,5.38,5.28,5.32,5.1794,530621.0,0.0,1.0
2018-07-10,5.32,5.35,5.22,5.23,5.0917,606537.0,0.0,1.0
2018-07-11,5.24,5.28,5.2,5.22,5.082,430027.0,0.0,1.0
2018-07-12,5.21,5.345,5.21,5.24,5.1015,585065.0,0.0,1.0
2018-07-13,5.26,5.26,5.135,5.19,5.0528,763837.0,0.0,1.0
2018-07-16,5.19,5.26,5.17,5.24,5.1015,257306.0,0.0,1.0
2018-07-17,5.15,5.18,5.09,5.09,4.9554,614638.0,0.0,1.0
2018-07-18,5.12,5.23,5.11,5.15,5.0139,855588.0,0.0,1.0
2018-07-19,5.14,5.195,5.095,5.13,4.9944,831564.0,0.0,1.0
2018-07-20,5.15,5.2,5.13,5.17,5.0333,578977.0,0.0,1.0
2018-07-23,5.17,5.22,5.16,5.2,5.0625,380616.0,0.0,1.0
2018-07-24,5.22,5.285,5.17,5.25,5.1112,448360.0,0.0,1.0
2018-07-25,5.21,5.27,5.17,5.25,5.1112,1378457.0,0.0,1.0
2018-07-26,5.27,5.33,5.22,5.31,5.1696,596168.0,0.0,1.0
2018-07-27,5.33,5.49,5.31,5.44,5.2962,705424.0,0.0,1.0
2018-07-30,5.38,5.45,5.38,5.44,5.2962,564664.0,0.0,1.0
2018-07-31,5.47,5.48,5.39,5.41,5.267,973979.0,0.0,1.0
2018-08-01,5.38,5.49,5.37,5.45,5.3059,603905.0,0.0,1.0
2018-08-02,5.45,5.52,5.42,5.49,5.3449,674514.0,0.0,1.0
2018-08-03,5.51,5.56,5.5,5.52,5.3741,452367.0,0.0,1.0
2018-08-06,5.51,5.535,5.44,5.45,5.3059,302386.0,0.0,1.0
2018-08-07,5.49,5.575,5.46,5.52,5.3741,736840.0,0.0,1.0
2018-08-08,5.51,5.515,5.47,5.47,5.3254,614499.0,0.0,1.0
2018-08-09,5.47,5.51,5.38,5.38,5.2378,754545.0,0.0,1.0
2018-08-10,5.41,5.48,5.36,5.36,5.2183,534608.0,0.0,1.0
2018-08-13,5.32,5.32,5.26,5.3,5.1599,473358.0,0.0,1.0
2018-08-14,5.31,5.375,5.26,5.34,5.1988,570796.0,0.0,1.0
2018-08-15,4.67,4.77,4.17,4.17,4.0598,11754816.0,0.0,1.0
2018-08-16,4.33,4.5,4.18,4.22,4.1084,6356165.0,0.0,1.0
2018-08-17,4.29,4.36,4.23,4.25,4.1376,2161438.0,0.0,1.0
2018-08-20,4.37,4.44,4.29,4.32,4.2058,1951702.0,0.0,1.0
2018-08-21,4.41,4.41,4.3,4.35,4.235,1715071.0,0.0,1.0
2018-08-22,4.33,4.33,4.13,4.14,4.14,1823837.0,0.0,1.0
2018-08-23,4.17,4.17,3.99,4.02,4.02,2938260.0,0.0,1.0
2018-08-24,4.04,4.145,3.99,4.02,4.02,1860417.0,0.0,1.0
2018-08-27,4.04,4.11,4.01,4.01,4.01,1522402.0,0.0,1.0
2018-08-28,4.03,4.03,3.93,3.94,3.94,1647447.0,0.0,1.0
2018-08-29,3.94,4.1,3.91,4.05,4.05,1791668.0,0.0,1.0
2018-08-30,4.1,4.1,4.05,4.08,4.08,774072.0,0.0,1.0
2018-08-31,4.1,4.13,4.065,4.12,4.12,1550805.0,0.0,1.0
2018-09-03,4.14,4.15,4.06,4.07,4.07,1147668.0,0.0,1.0
2018-09-04,4.07,4.16,4.05,4.14,4.14,549108.0,0.0,1.0
2018-09-05,4.14,4.14,4.07,4.09,4.09,994840.0,0.0,1.0
2018-09-06,4.09,4.09,4.01,4.03,4.03,1283300.0,0.0,1.0
2018-09-07,4.01,4.02,3.88,3.97,3.97,1982523.0,0.0,1.0
2018-09-10,3.92,3.97,3.785,3.81,3.81,2569412.0,0.0,1.0
2018-09-11,3.88,3.92,3.83,3.89,3.89,1614635.0,0.0,1.0
2018-09-12,3.9,4.02,3.82,3.87,3.87,2456207.0,0.0,1.0
2018-09-13,3.86,3.97,3.86,3.92,3.92,810865.0,0.0,1.0
2018-09-14,3.92,3.935,3.85,3.88,3.88,698487.0,0.0,1.0
2018-09-17,3.89,3.89,3.76,3.78,3.78,2408840.0,0.0,1.0
2018-09-18,3.8,3.845,3.64,3.71,3.71,4494320.0,0.0,1.0
2018-09-19,3.74,3.8,3.71,3.73,3.73,1465797.0,0.0,1.0
2018-09-20,3.72,3.9,3.71,3.77,3.77,1264146.0,0.0,1.0
2018-09-21,3.79,3.96,3.79,3.94,3.94,3029866.0,0.0,1.0
2018-09-24,3.91,3.91,3.79,3.81,3.81,870386.0,0.0,1.0
2018-09-25,3.86,3.86,3.76,3.78,3.78,689321.0,0.0,1.0
2018-09-26,3.79,3.79,3.68,3.7,3.7,1474504.0,0.0,1.0
2018-09-27,3.69,3.74,3.66,3.72,3.72,1139273.0,0.0,1.0
2018-09-28,3.72,3.74,3.69,3.72,3.72,859329.0,0.0,1.0
2018-10-01,3.72,3.735,3.68,3.69,3.69,608323.0,0.0,1.0
2018-10-02,3.7,3.735,3.68,3.7,3.7,870951.0,0.0,1.0
2018-10-03,3.71,3.775,3.68,3.75,3.75,1056894.0,0.0,1.0
2018-10-04,3.71,3.71,3.4,3.45,3.45,5813170.0,0.0,1.0
2018-10-05,3.5,3.58,3.44,3.56,3.56,2720320.0,0.0,1.0
2018-10-08,3.56,3.67,3.56,3.6,3.6,1916100.0,0.0,1.0
2018-10-09,3.6,3.63,3.475,3.55,3.55,1362668.0,0.0,1.0
2018-10-10,3.55,3.59,3.5,3.52,3.52,985225.0,0.0,1.0
2018-10-11,3.5,3.505,3.38,3.38,3.38,1416887.0,0.0,1.0
2018-10-12,3.39,3.44,3.37,3.39,3.39,1014081.0,0.0,1.0
2018-10-15,3.41,3.43,3.32,3.37,3.37,1313991.0,0.0,1.0
2018-10-16,3.38,3.41,3.315,3.38,3.38,969337.0,0.0,1.0
2018-10-17,3.41,3.555,3.4,3.51,3.51,1056741.0,0.0,1.0
2018-10-18,3.52,3.53,3.45,3.51,3.51,1227659.0,0.0,1.0
2018-10-19,3.5,3.5,3.44,3.49,3.49,517944.0,0.0,1.0
2018-10-22,3.52,3.53,3.42,3.43,3.43,749597.0,0.0,1.0
2018-10-23,3.44,3.52,3.41,3.43,3.43,534475.0,0.0,1.0
2018-10-24,3.47,3.47,3.41,3.44,3.44,588654.0,0.0,1.0
2018-10-25,3.4,3.45,3.31,3.31,3.31,1003835.0,0.0,1.0
2018-10-26,3.34,3.38,3.3,3.33,3.33,834351.0,0.0,1.0
2018-10-29,3.35,3.37,3.32,3.36,3.36,996635.0,0.0,1.0
2018-10-30,3.33,3.44,3.3,3.42,3.42,741409.0,0.0,1.0
2018-10-31,3.42,3.49,3.41,3.49,3.49,1262796.0,0.0,1.0
2018-11-01,3.51,3.66,3.5,3.64,3.64,1312111.0,0.0,1.0
2018-11-02,3.65,3.67,3.43,3.45,3.45,1176201.0,0.0,1.0
2018-11-05,3.45,3.62,3.45,3.56,3.56,942969.0,0.0,1.0
2018-11-06,3.55,3.62,3.54,3.6,3.6,368364.0,0.0,1.0
2018-11-07,3.61,3.62,3.55,3.6,3.6,434195.0,0.0,1.0
2018-11-08,3.63,3.67,3.6,3.63,3.63,612503.0,0.0,1.0
2018-11-09,3.62,3.65,3.6,3.65,3.65,517165.0,0.0,1.0
2018-11-12,3.66,3.69,3.63,3.67,3.67,518221.0,0.0,1.0
2018-11-13,3.65,3.66,3.58,3.6,3.6,563276.0,0.0,1.0
2018-11-14,3.24,3.28,3.05,3.25,3.25,5767266.0,0.0,1.0
2018-11-15,3.15,3.23,3.1,3.22,3.22,3393958.0,0.0,1.0
2018-11-16,3.23,3.425,3.21,3.38,3.38,1054065.0,0.0,1.0
2018-11-19,3.44,3.58,3.41,3.45,3.45,1609790.0,0.0,1.0
2018-11-20,3.45,3.55,3.35,3.53,3.53,1294759.0,0.0,1.0
2018-11-21,3.5,3.5,3.32,3.32,3.32,1277038.0,0.0,1.0
2018-11-22,3.34,3.36,3.26,3.29,3.29,1617476.0,0.0,1.0
2018-11-23,3.3,3.36,3.29,3.3,3.3,1976423.0,0.0,1.0
2018-11-26,3.31,3.43,3.25,3.4,3.4,975506.0,0.0,1.0
2018-11-27,3.4,3.51,3.39,3.4,3.4,774696.0,0.0,1.0
2018-11-28,3.48,3.48,3.4,3.46,3.46,956777.0,0.0,1.0
2018-11-29,3.48,3.52,3.41,3.46,3.46,545616.0,0.0,1.0
2018-11-30,3.5,3.52,3.41,3.43,3.43,838326.0,0.0,1.0
2018-12-03,3.5,3.65,3.47,3.62,3.62,942718.0,0.0,1.0
2018-12-04,3.6,3.6,3.49,3.51,3.51,578014.0,0.0,1.0
2018-12-05,3.51,3.515,3.45,3.47,3.47,430321.0,0.0,1.0
2018-12-06,3.47,3.48,3.33,3.37,3.37,586708.0,0.0,1.0
2018-12-07,3.37,3.44,3.36,3.37,3.37,392415.0,0.0,1.0
2018-12-10,3.38,3.46,3.24,3.27,3.27,690920.0,0.0,1.0
2018-12-11,3.27,3.34,3.22,3.26,3.26,530157.0,0.0,1.0
2018-12-12,3.26,3.33,3.24,3.31,3.31,601920.0,0.0,1.0
2018-12-13,3.32,3.425,3.32,3.4,3.4,521524.0,0.0,1.0
2018-12-14,3.4,3.46,3.36,3.45,3.45,394419.0,0.0,1.0
2018-12-17,3.48,3.5,3.41,3.5,3.5,568448.0,0.0,1.0
2018-12-18,3.49,3.59,3.45,3.56,3.56,801616.0,0.0,1.0
2018-12-19,3.57,3.59,3.43,3.44,3.44,1046269.0,0.0,1.0
2018-12-20,3.44,3.44,3.29,3.35,3.35,1351218.0,0.0,1.0
2018-12-21,3.4,3.4,3.22,3.32,3.32,2251046.0,0.0,1.0
2018-12-24,3.35,3.37,3.31,3.37,3.37,155506.0,0.0,1.0
2018-12-27,3.4,3.44,3.39,3.43,3.43,342020.0,0.0,1.0
2018-12-28,3.45,3.58,3.45,3.51,3.51,528107.0,0.0,1.0
2018-12-31,3.55,3.55,3.455,3.47,3.47,214566.0,0.0,1.0
2019-01-02,3.47,3.49,3.36,3.36,3.36,448541.0,0.0,1.0
2019-01-03,3.37,3.46,3.36,3.4,3.4,496205.0,0.0,1.0
2019-01-04,3.37,3.46,3.32,3.34,3.34,692467.0,0.0,1.0
2019-01-07,3.4,3.5,3.35,3.43,3.43,588658.0,0.0,1.0
2019-01-08,3.46,3.505,3.41,3.46,3.46,638716.0,0.0,1.0
2019-01-09,3.45,3.53,3.44,3.46,3.46,647560.0,0.0,1.0
2019-01-10,3.47,3.57,3.47,3.53,3.53,844040.0,0.0,1.0
2019-01-11,3.6,3.61,3.53,3.57,3.57,443094.0,0.0,1.0
2019-01-14,3.59,3.64,3.56,3.6,3.6,402090.0,0.0,1.0
2019-01-15,3.6,3.65,3.575,3.59,3.59,442133.0,0.0,1.0
2019-01-16,3.58,3.61,3.52,3.59,3.59,548517.0,0.0,1.0
2019-01-17,3.56,3.61,3.53,3.61,3.61,1036839.0,0.0,1.0
2019-01-18,3.57,3.69,3.57,3.62,3.62,488801.0,0.0,1.0
2019-01-21,3.72,3.88,3.72,3.87,3.87,1026621.0,0.0,1.0
2019-01-22,3.89,3.89,3.71,3.73,3.73,941797.0,0.0,1.0
2019-01-23,3.8,3.83,3.67,3.67,3.67,817156.0,0.0,1.0
2019-01-24,3.69,3.78,3.68,3.77,3.77,462734.0,0.0,1.0
2019-01-25,3.78,3.87,3.78,3.85,3.85,547480.0,0.0,1.0
2019-01-29,3.88,3.94,3.85,3.92,3.92,658606.0,0.0,1.0
2019-01-30,3.94,3.98,3.895,3.92,3.92,765237.0,0.0,1.0
2019-01-31,3.98,3.98,3.79,3.79,3.79,1006667.0,0.0,1.0
2019-02-01,3.84,3.9,3.82,3.88,3.88,558226.0,0.0,1.0
2019-02-04,3.94,3.94,3.89,3.91,3.91,482286.0,0.0,1.0
2019-02-05,3.91,4.06,3.91,4.03,4.03,907650.0,0.0,1.0
2019-02-06,4.05,4.1,3.98,4.03,4.03,1083741.0,0.0,1.0
2019-02-07,4.05,4.07,3.93,3.95,3.95,615554.0,0.0,1.0
2019-02-08,3.99,4.01,3.875,3.94,3.94,859670.0,0.0,1.0
2019-02-11,3.97,4.02,3.9,3.93,3.93,757938.0,0.0,1.0
2019-02-12,3.7,3.75,3.53,3.55,3.55,2464908.0,0.0,1.0
2019-02-13,3.46,3.49,3.2,3.24,3.24,3065616.0,0.0,1.0
2019-02-14,3.27,3.32,2.97,2.99,2.99,8548839.0,0.0,1.0
2019-02-15,3.05,3.13,2.99,3.04,3.04,3434732.0,0.0,1.0
2019-02-18,3.09,3.13,3.05,3.07,3.07,1251362.0,0.0,1.0
2019-02-19,3.09,3.15,3.055,3.11,3.11,1377199.0,0.0,1.0
2019-02-20,3.06,3.06,2.57,2.58,2.58,7486968.0,0.0,1.0
2019-02-21,2.52,2.66,2.51,2.63,2.63,5914387.0,0.0,1.0
2019-02-22,2.66,2.87,2.65,2.86,2.86,2386619.0,0.0,1.0
2019-02-25,2.88,2.89,2.72,2.8,2.8,1800527.0,0.0,1.0
2019-02-26,2.83,2.85,2.805,2.83,2.83,865685.0,0.0,1.0
2019-02-27,2.83,2.89,2.8,2.87,2.87,1006434.0,0.0,1.0
2019-02-28,2.92,2.97,2.89,2.91,2.91,1461317.0,0.0,1.0
2019-03-01,2.92,2.97,2.8,2.83,2.83,2301529.0,0.0,1.0
2019-03-04,2.88,2.95,2.87,2.94,2.94,803904.0,0.0,1.0
2019-03-05,2.96,2.97,2.86,2.9,2.9,1610957.0,0.0,1.0
2019-03-06,2.92,2.97,2.91,2.95,2.95,821431.0,0.0,1.0
2019-03-07,2.96,2.97,2.905,2.93,2.93,922879.0,0.0,1.0
2019-03-08,2.93,2.95,2.86,2.87,2.87,932059.0,0.0,1.0
2019-03-11,2.89,2.92,2.77,2.78,2.78,943656.0,0.0,1.0
2019-03-12,2.83,2.87,2.75,2.81,2.81,1243153.0,0.0,1.0
2019-03-13,2.85,2.86,2.76,2.78,2.78,837494.0,0.0,1.0
2019-03-14,2.84,2.87,2.79,2.83,2.83,946992.0,0.0,1.0
2019-03-15,2.86,2.9,2.825,2.85,2.85,942543.0,0.0,1.0
2019-03-18,2.89,2.9,2.795,2.8,2.8,1097026.0,0.0,1.0
2019-03-19,2.85,2.86,2.78,2.8,2.8,848876.0,0.0,1.0
2019-03-20,2.81,2.84,2.765,2.77,2.77,971856.0,0.0,1.0
2019-03-21,2.75,2.78,2.39,2.56,2.56,34129328.0,0.0,1.0
2019-03-22,2.61,2.74,2.61,2.72,2.72,2911789.0,0.0,1.0
2019-03-25,2.7,2.72,2.64,2.67,2.67,1217883.0,0.0,1.0
2019-03-26,2.69,2.7,2.62,2.69,2.69,1106932.0,0.0,1.0
2019-03-27,2.68,2.685,2.64,2.68,2.68,981153.0,0.0,1.0
2019-03-28,2.68,2.82,2.68,2.76,2.76,1697698.0,0.0,1.0
2019-03-29,2.82,2.87,2.78,2.79,2.79,1662276.0,0.0,1.0
2019-04-01,2.8,2.8,2.72,2.75,2.75,1222910.0,0.0,1.0
2019-04-02,2.76,2.78,2.69,2.74,2.74,1725563.0,0.0,1.0
2019-04-03,2.75,2.845,2.75,2.8,2.8,2160283.0,0.0,1.0
2019-04-04,2.8,2.82,2.73,2.76,2.76,2040686.0,0.0,1.0
2019-04-05,2.75,2.79,2.68,2.7,2.7,1648479.0,0.0,1.0
2019-04-08,2.69,2.74,2.67,2.73,2.73,1337863.0,0.0,1.0
2019-04-09,2.73,2.78,2.715,2.75,2.75,1388425.0,0.0,1.0
2019-04-10,2.76,2.76,2.67,2.68,2.68,1021540.0,0.0,1.0
2019-04-11,2.7,2.7,2.63,2.63,2.63,1185246.0,0.0,1.0
2019-04-12,2.63,2.67,2.54,2.57,2.57,1615311.0,0.0,1.0
2019-04-15,2.55,2.59,2.53,2.55,2.55,1986718.0,0.0,1.0
2019-04-16,2.55,2.58,2.48,2.52,2.52,2660790.0,0.0,1.0
2019-04-17,2.5,2.58,2.47,2.48,2.48,2217338.0,0.0,1.0
2019-04-18,2.51,2.53,2.46,2.47,2.47,1625503.0,0.0,1.0
2019-04-23,2.55,2.62,2.55,2.58,2.58,2788789.0,0.0,1.0
2019-04-24,2.6,2.65,2.59,2.6,2.6,1765369.0,0.0,1.0
2019-04-26,2.62,2.63,2.54,2.56,2.56,1930361.0,0.0,1.0
2019-04-29,2.59,2.63,2.54,2.62,2.62,1235624.0,0.0,1.0
2019-04-30,2.64,2.66,2.62,2.63,2.63,1045463.0,0.0,1.0
2019-05-01,2.63,2.635,2.55,2.62,2.62,1701009.0,0.0,1.0
2019-05-02,2.65,2.72,2.635,2.69,2.69,1274730.0,0.0,1.0
2019-05-03,2.7,2.72,2.635,2.64,2.64,1001306.0,0.0,1.0
2019-05-06,2.66,2.66,2.55,2.56,2.56,868663.0,0.0,1.0
2019-05-07,2.6,2.63,2.575,2.6,2.6,962948.0,0.0,1.0
2019-05-08,2.62,2.62,2.56,2.56,2.56,521990.0,0.0,1.0
2019-05-09,2.56,2.615,2.56,2.59,2.59,703662.0,0.0,1.0
2019-05-10,2.62,2.62,2.57,2.6,2.6,626141.0,0.0,1.0
2019-05-13,2.6,2.61,2.55,2.56,2.56,750651.0,0.0,1.0
2019-05-14,2.56,2.64,2.54,2.61,2.61,1106094.0,0.0,1.0
2019-05-15,2.62,2.65,2.6,2.63,2.63,842498.0,0.0,1.0
2019-05-16,2.63,2.64,2.58,2.59,2.59,881430.0,0.0,1.0
2019-05-17,2.64,2.66,2.62,2.63,2.63,1054996.0,0.0,1.0
2019-05-20,2.65,2.66,2.6,2.64,2.64,857271.0,0.0,1.0
2019-05-21,2.61,2.635,2.58,2.58,2.58,978758.0,0.0,1.0
2019-05-22,2.6,2.69,2.59,2.66,2.66,1012244.0,0.0,1.0
2019-05-23,2.68,2.68,2.62,2.62,2.62,593948.0,0.0,1.0
2019-05-24,2.64,2.64,2.57,2.58,2.58,827465.0,0.0,1.0
2019-05-27,2.6,2.62,2.51,2.53,2.53,1513283.0,0.0,1.0
2019-05-28,2.52,2.525,2.45,2.46,2.46,3255516.0,0.0,1.0
2019-05-29,2.47,2.48,2.38,2.38,2.38,1655042.0,0.0,1.0
2019-05-30,2.39,2.41,2.27,2.3,2.3,3971508.0,0.0,1.0
2019-05-31,2.32,2.35,2.27,2.27,2.27,1378937.0,0.0,1.0
2019-06-03,2.29,2.29,2.2,2.24,2.24,1701033.0,0.0,1.0
2019-06-04,2.23,2.235,2.21,2.22,2.22,1093908.0,0.0,1.0
2019-06-05,2.25,2.33,2.25,2.25,2.25,1317958.0,0.0,1.0
2019-06-06,2.28,2.29,2.22,2.23,2.23,863716.0,0.0,1.0
2019-06-07,2.23,2.26,2.21,2.26,2.26,1335298.0,0.0,1.0
2019-06-11,2.27,2.39,2.27,2.36,2.36,1787084.0,0.0,1.0
2019-06-12,2.38,2.38,2.325,2.36,2.36,1180055.0,0.0,1.0
2019-06-13,2.34,2.38,2.31,2.31,2.31,745432.0,0.0,1.0
2019-06-14,2.35,2.35,2.3,2.31,2.31,775476.0,0.0,1.0
2019-06-17,2.32,2.33,2.26,2.27,2.27,1055501.0,0.0,1.0
2019-06-18,2.28,2.285,2.23,2.27,2.27,1688460.0,0.0,1.0
2019-06-19,2.29,2.4,2.28,2.38,2.38,1702512.0,0.0,1.0
2019-06-20,2.38,2.38,2.32,2.35,2.35,1519593.0,0.0,1.0
2019-06-21,2.38,2.44,2.35,2.36,2.36,1758022.0,0.0,1.0
2019-06-24,2.39,2.39,2.3,2.31,2.31,766285.0,0.0,1.0
2019-06-25,2.32,2.325,2.26,2.27,2.27,1404034.0,0.0,1.0
2019-06-26,2.26,2.32,2.26,2.28,2.28,1012250.0,0.0,1.0
2019-06-27,2.3,2.58,2.21,2.54,2.54,4948495.0,0.0,1.0
2019-06-28,2.65,2.85,2.59,2.79,2.79,4995827.0,0.0,1.0
2019-07-01,2.85,2.85,2.66,2.69,2.69,2326541.0,0.0,1.0
2019-07-02,2.7,2.77,2.69,2.7,2.7,1819108.0,0.0,1.0
2019-07-03,2.7,2.74,2.66,2.72,2.72,1777202.0,0.0,1.0
2019-07-04,2.72,2.725,2.635,2.69,2.69,1773488.0,0.0,1.0
2019-07-05,2.69,2.78,2.67,2.75,2.75,1250788.0,0.0,1.0
2019-07-08,2.76,2.82,2.71,2.71,2.71,1213940.0,0.0,1.0
2019-07-09,2.72,2.73,2.66,2.68,2.68,1208496.0,0.0,1.0
2019-07-10,2.69,2.73,2.66,2.72,2.72,1943235.0,0.0,1.0
2019-07-11,2.74,2.77,2.7,2.73,2.73,553208.0,0.0,1.0
2019-07-12,2.73,2.75,2.7,2.71,2.71,1243984.0,0.0,1.0
2019-07-15,2.75,2.75,2.67,2.68,2.68,702266.0,0.0,1.0
2019-07-16,2.69,2.7,2.64,2.64,2.64,753160.0,0.0,1.0
2019-07-17,2.64,2.71,2.61,2.7,2.7,965944.0,0.0,1.0
2019-07-18,2.7,2.71,2.62,2.63,2.63,596010.0,0.0,1.0
2019-07-19,2.68,2.74,2.63,2.72,2.72,898907.0,0.0,1.0
2019-07-22,2.75,2.825,2.75,2.8,2.8,938016.0,0.0,1.0
2019-07-23,2.8,2.82,2.76,2.79,2.79,780129.0,0.0,1.0
2019-07-24,2.84,2.86,2.82,2.83,2.83,672520.0,0.0,1.0
2019-07-25,2.84,2.89,2.81,2.88,2.88,947812.0,0.0,1.0
2019-07-26,2.85,2.89,2.79,2.84,2.84,981921.0,0.0,1.0
2019-07-29,2.88,2.9,2.84,2.87,2.87,801375.0,0.0,1.0
2019-07-30,2.9,2.905,2.83,2.83,2.83,778500.0,0.0,1.0
2019-07-31,2.85,2.87,2.77,2.81,2.81,842635.0,0.0,1.0
2019-08-01,2.85,2.885,2.8,2.86,2.86,904038.0,0.0,1.0
2019-08-02,2.85,2.86,2.69,2.72,2.72,1560350.0,0.0,1.0
2019-08-05,2.73,2.76,2.7,2.71,2.71,456075.0,0.0,1.0
2019-08-06,2.66,2.68,2.57,2.61,2.61,1377194.0,0.0,1.0
2019-08-07,2.62,2.66,2.61,2.63,2.63,1156337.0,0.0,1.0
2019-08-08,2.63,2.74,2.63,2.72,2.72,712411.0,0.0,1.0
2019-08-09,2.72,2.755,2.71,2.73,2.73,906247.0,0.0,1.0
2019-08-12,2.74,2.84,2.665,2.82,2.82,1276034.0,0.0,1.0
2019-08-13,2.8,2.83,2.71,2.78,2.78,1163301.0,0.0,1.0
2019-08-14,2.63,2.64,2.205,2.31,2.31,8478828.0,0.0,1.0
2019-08-15,2.2,2.24,2.08,2.2,2.2,4208706.0,0.0,1.0
2019-08-16,2.21,2.265,2.18,2.22,2.22,2367304.0,0.0,1.0
2019-08-19,2.23,2.32,2.22,2.3,2.3,1312250.0,0.0,1.0
2019-08-20,2.31,2.31,2.25,2.31,2.31,8582124.0,0.0,1.0
2019-08-21,2.3,2.35,2.295,2.34,2.34,890923.0,0.0,1.0
2019-08-22,2.35,2.46,2.35,2.45,2.45,1260423.0,0.0,1.0
2019-08-23,2.45,2.45,2.36,2.4,2.4,803163.0,0.0,1.0
2019-08-26,2.36,2.38,2.31,2.35,2.35,795951.0,0.0,1.0
2019-08-27,2.35,2.41,2.35,2.38,2.38,582412.0,0.0,1.0
2019-08-28,2.39,2.425,2.36,2.39,2.39,413287.0,0.0,1.0
2019-08-29,2.38,2.43,2.37,2.41,2.41,597682.0,0.0,1.0
2019-08-30,2.42,2.5,2.41,2.43,2.43,1290120.0,0.0,1.0
2019-09-02,2.43,2.48,2.41,2.43,2.43,769147.0,0.0,1.0
2019-09-03,2.42,2.52,2.42,2.5,2.5,630679.0,0.0,1.0
2019-09-04,2.46,2.51,2.41,2.44,2.44,797786.0,0.0,1.0
2019-09-05,2.42,2.48,2.4,2.47,2.47,564085.0,0.0,1.0
2019-09-06,2.46,2.46,2.345,2.38,2.38,1505723.0,0.0,1.0
2019-09-09,2.37,2.41,2.32,2.33,2.33,943971.0,0.0,1.0
2019-09-10,2.32,2.34,2.265,2.27,2.27,1591241.0,0.0,1.0
2019-09-11,2.3,2.39,2.28,2.34,2.34,1298386.0,0.0,1.0
2019-09-12,2.37,2.39,2.32,2.33,2.33,759575.0,0.0,1.0
2019-09-13,2.35,2.38,2.33,2.35,2.35,508601.0,0.0,1.0
2019-09-16,2.33,2.37,2.3,2.33,2.33,705806.0,0.0,1.0
2019-09-17,2.34,2.34,2.23,2.27,2.27,1187850.0,0.0,1.0
2019-09-18,2.27,2.29,2.23,2.23,2.23,950000.0,0.0,1.0
2019-09-19,2.27,2.35,2.245,2.3,2.3,1437816.0,0.0,1.0
2019-09-20,2.29,2.32,2.26,2.26,2.26,7871640.0,0.0,1.0
2019-09-23,2.27,2.31,2.26,2.26,2.26,794991.0,0.0,1.0
2019-09-24,2.28,2.305,2.22,2.22,2.22,1122553.0,0.0,1.0
2019-09-25,2.23,2.25,2.2,2.2,2.2,947917.0,0.0,1.0
2019-09-26,2.21,2.27,2.19,2.23,2.23,1183683.0,0.0,1.0
2019-09-27,2.23,2.27,2.2,2.2,2.2,783198.0,0.0,1.0
2019-09-30,2.24,2.265,2.2,2.2,2.2,1450450.0,0.0,1.0
2019-10-01,2.21,2.44,2.21,2.4,2.4,2181287.0,0.0,1.0
2019-10-02,2.36,2.36,2.31,2.33,2.33,663816.0,0.0,1.0
2019-10-03,2.3,2.35,2.26,2.31,2.31,1479283.0,0.0,1.0
2019-10-04,2.32,2.38,2.31,2.31,2.31,824510.0,0.0,1.0
2019-10-07,2.34,2.34,2.25,2.26,2.26,593881.0,0.0,1.0
2019-10-08,2.3,2.3,2.23,2.25,2.25,685365.0,0.0,1.0
2019-10-09,2.26,2.32,2.23,2.28,2.28,844187.0,0.0,1.0
2019-10-10,2.32,2.38,2.29,2.33,2.33,691439.0,0.0,1.0
2019-10-11,2.32,2.44,2.31,2.44,2.44,616826.0,0.0,1.0
2019-10-14,2.4,2.46,2.4,2.43,2.43,414888.0,0.0,1.0
2019-10-15,2.42,2.51,2.4,2.47,2.47,534894.0,0.0,1.0
2019-10-16,2.49,2.54,2.42,2.44,2.44,806079.0,0.0,1.0
2019-10-17,2.49,2.53,2.43,2.51,2.51,553817.0,0.0,1.0
2019-10-18,2.5,2.57,2.48,2.54,2.54,403064.0,0.0,1.0
2019-10-21,2.54,2.57,2.51,2.55,2.55,486420.0,0.0,1.0
2019-10-22,2.56,2.57,2.51,2.52,2.52,298897.0,0.0,1.0
2019-10-23,2.51,2.55,2.48,2.53,2.53,328935.0,0.0,1.0
2019-10-24,2.55,2.55,2.48,2.48,2.48,364919.0,0.0,1.0
2019-10-25,2.53,2.54,2.49,2.49,2.49,352807.0,0.0,1.0
2019-10-28,2.5,2.52,2.45,2.51,2.51,297037.0,0.0,1.0
2019-10-29,2.5,2.52,2.41,2.42,2.42,721948.0,0.0,1.0
2019-10-30,2.44,2.48,2.43,2.45,2.45,429017.0,0.0,1.0
2019-10-31,2.44,2.44,2.38,2.42,2.42,629669.0,0.0,1.0
2019-11-01,2.4,2.49,2.4,2.45,2.45,513102.0,0.0,1.0
2019-11-04,2.48,2.54,2.43,2.52,2.52,743427.0,0.0,1.0
2019-11-05,2.54,2.54,2.46,2.47,2.47,308168.0,0.0,1.0
2019-11-06,2.48,2.505,2.46,2.46,2.46,341129.0,0.0,1.0
2019-11-07,2.46,2.48,2.42,2.46,2.46,789038.0,0.0,1.0
2019-11-08,2.45,2.55,2.45,2.5,2.5,826457.0,0.0,1.0
2019-11-11,2.46,2.5,2.425,2.43,2.43,805275.0,0.0,1.0
2019-11-12,2.47,2.53,2.45,2.52,2.52,1189299.0,0.0,1.0
2019-11-13,2.52,2.57,2.49,2.57,2.57,604376.0,0.0,1.0
2019-11-14,2.57,2.58,2.45,2.47,2.47,797106.0,0.0,1.0
2019-11-15,2.47,2.59,2.47,2.56,2.56,1061290.0,0.0,1.0
2019-11-18,2.52,2.6,2.475,2.48,2.48,650099.0,0.0,1.0
2019-11-19,2.49,2.53,2.46,2.47,2.47,578662.0,0.0,1.0
2019-11-20,2.48,2.49,2.43,2.47,2.47,477236.0,0.0,1.0
2019-11-21,2.48,2.48,2.43,2.48,2.48,613405.0,0.0,1.0
2019-11-22,2.48,2.52,2.47,2.49,2.49,1877292.0,0.0,1.0
2019-11-25,2.49,2.73,2.49,2.69,2.69,1491234.0,0.0,1.0
2019-11-26,2.68,2.72,2.63,2.66,2.66,747340.0,0.0,1.0
2019-11-27,2.66,2.685,2.57,2.61,2.61,1000536.0,0.0,1.0
2019-11-28,2.62,2.63,2.53,2.53,2.53,465944.0,0.0,1.0
2019-11-29,2.55,2.55,2.5,2.53,2.53,548123.0,0.0,1.0
2019-12-02,2.52,2.56,2.465,2.54,2.54,936538.0,0.0,1.0
2019-12-03,2.54,2.6,2.51,2.54,2.54,497907.0,0.0,1.0
2019-12-04,2.53,2.58,2.48,2.53,2.53,683585.0,0.0,1.0
2019-12-05,2.54,2.64,2.54,2.63,2.63,659495.0,0.0,1.0
2019-12-06,2.61,2.72,2.6,2.71,2.71,849557.0,0.0,1.0
2019-12-09,2.75,2.84,2.71,2.81,2.81,1147640.0,0.0,1.0
2019-12-10,2.8,2.82,2.74,2.76,2.76,710332.0,0.0,1.0
2019-12-11,2.76,2.82,2.72,2.75,2.75,430008.0,0.0,1.0
2019-12-12,2.72,2.84,2.7,2.79,2.79,1084299.0,0.0,1.0
2019-12-13,2.79,2.8,2.75,2.78,2.78,269480.0,0.0,1.0
2019-12-16,2.78,2.81,2.71,2.76,2.76,472562.0,0.0,1.0
2019-12-17,2.75,2.81,2.71,2.74,2.74,484372.0,0.0,1.0
2019-12-18,2.72,2.77,2.68,2.7,2.7,439448.0,0.0,1.0
2019-12-19,2.72,2.76,2.66,2.67,2.67,555468.0,0.0,1.0
2019-12-20,2.7,2.74,2.66,2.72,2.72,694089.0,0.0,1.0
2019-12-23,2.73,2.8,2.71,2.77,2.77,486409.0,0.0,1.0
2019-12-24,2.78,2.8,2.72,2.74,2.74,205502.0,0.0,1.0
2019-12-27,2.78,2.8,2.705,2.73,2.73,293652.0,0.0,1.0
2019-12-30,2.73,2.77,2.72,2.73,2.73,219610.0,0.0,1.0
2019-12-31,2.75,2.76,2.7,2.72,2.72,262208.0,0.0,1.0
2020-01-02,2.72,2.73,2.63,2.67,2.67,412865.0,0.0,1.0
2020-01-03,2.67,2.72,2.65,2.68,2.68,326169.0,0.0,1.0
2020-01-06,2.71,2.73,2.64,2.65,2.65,251984.0,0.0,1.0
2020-01-07,2.66,2.74,2.66,2.68,2.68,321940.0,0.0,1.0
2020-01-08,2.68,2.68,2.57,2.6,2.6,763462.0,0.0,1.0
2020-01-09,2.6,2.64,2.56,2.58,2.58,474425.0,0.0,1.0
2020-01-10,2.6,2.7,2.6,2.68,2.68,406512.0,0.0,1.0
2020-01-13,2.68,2.74,2.63,2.64,2.64,489843.0,0.0,1.0
2020-01-14,2.65,2.74,2.65,2.72,2.72,450743.0,0.0,1.0
2020-01-15,2.72,2.815,2.72,2.75,2.75,650310.0,0.0,1.0
2020-01-16,2.75,2.76,2.7,2.73,2.73,529520.0,0.0,1.0
2020-01-17,2.73,2.83,2.71,2.73,2.73,535172.0,0.0,1.0
2020-01-20,2.72,2.73,2.65,2.69,2.69,541616.0,0.0,1.0
2020-01-21,2.8,2.91,2.75,2.78,2.78,2206453.0,0.0,1.0
2020-01-22,2.78,2.78,2.67,2.71,2.71,1965473.0,0.0,1.0
2020-01-23,2.72,2.83,2.71,2.8,2.8,1585446.0,0.0,1.0
2020-01-24,2.79,2.92,2.78,2.92,2.92,871387.0,0.0,1.0
