" XAO,ALL ORDINARIES [XAO] Download CSV       Mon 13 Apr 2020 11:05 PM (Sydney time)     "
Code,Bid ($),Offer ($),Last ($),Change ($),Open ($),High ($),Low ($),Volume,,
3PL,0.850,0.900,0.880,-0.030,0.930,0.930,0.840,"  55,707   ",,
A2M,16.880,16.950,16.920,0.100,16.970,17.230,16.620,"  3,020,538   ",,
AAC,1.095,1.105,1.095,-0.025,1.140,1.140,1.095,"  260,576   ",,
ABA,4.510,4.600,4.600,0.100,4.550,4.600,4.520,"  6,299   ",,
ABC,2.170,2.220,2.210,0.040,2.150,2.210,2.120,"  2,514,796   ",,
ABP,2.460,2.790,2.480,0.010,2.450,2.540,2.430,"  1,295,612   ",,
ADA,0.380,0.390,0.380,0.000,0.380,0.380,0.380,"  14,659   ",,
ADH,1.165,1.230,1.170,0.170,1.050,1.265,1.030,"  2,458,181   ",,
AFG,1.500,1.530,1.515,0.060,1.505,1.530,1.460,"  668,257   ",,
AGG,6.100,6.400,6.080,-0.320,6.050,6.220,6.020,"  9,150   ",,
AGI,0.405,0.430,0.430,0.040,0.400,0.440,0.400,"  191,539   ",,
AGL,17.350,17.490,17.470,0.230,17.430,17.700,17.260,"  1,744,975   ",,
AGY,0.036,0.037,0.037,0.000,0.037,0.038,0.037,"  750,306   ",,
AHY,0.980,1.020,1.000,-0.010,1.020,1.020,0.995,"  200,568   ",,
AIA,5.500,5.720,5.570,0.250,5.390,5.730,5.380,"  1,433,956   ",,
AJL,0.054,0.060,0.053,0.005,0.044,0.053,0.044,"  29,989   ",,
AJM,0.040,0.041,0.041,0.002,0.039,0.044,0.039,"  4,448,463   ",,
AKP,12.820,12.950,12.950,2.470,11.340,13.700,11.340,"  37,051   ",,
ALK,0.755,0.765,0.760,0.030,0.745,0.765,0.710,"  3,707,348   ",,
ALL,22.820,23.000,22.900,1.030,22.700,23.240,22.110,"  2,168,353   ",,
ALQ,6.030,6.350,6.180,0.220,6.010,6.230,6.010,"  721,447   ",,
ALU,30.680,31.000,30.930,0.700,30.500,31.350,30.230,"  634,437   ",,
ALX,5.540,5.880,5.560,0.120,5.580,5.780,5.510,"  3,282,551   ",,
AMA,0.475,0.480,0.480,0.125,0.415,0.505,0.395,"  29,120,477   ",,
AMC,13.560,13.790,13.690,0.470,13.510,13.750,13.480,"  4,071,871   ",,
AMI,0.325,0.330,0.325,0.015,0.325,0.335,0.315,"  2,612,009   ",,
AMP,1.300,1.310,1.305,-0.005,1.345,1.360,1.287,"  15,720,498   ",,
ANN,28.900,29.400,29.330,0.260,28.840,29.400,28.620,"  642,390   ",,
ANZ,16.500,16.550,16.540,1.020,16.100,16.540,15.800,"  11,844,129   ",,
AOF,1.940,2.120,2.050,0.000,2.120,2.120,2.010,"  30,222   ",,
APA,10.700,11.000,10.970,0.690,10.520,10.970,10.490,"  3,436,161   ",,
APE,4.110,4.180,4.130,0.330,3.900,4.300,3.900,"  1,451,646   ",,
API,1.155,1.185,1.160,-0.030,1.200,1.200,1.145,"  2,572,398   ",,
APT,21.870,22.000,22.000,2.120,20.800,22.100,20.400,"  3,995,274   ",,
APX,22.500,22.780,22.760,1.100,22.140,22.780,21.830,"  929,307   ",,
AQG,5.960,6.190,5.980,-0.080,6.100,6.160,5.930,"  228,625   ",,
AQZ,1.900,0.000,1.900,0.080,1.865,1.910,1.832,"  97,044   ",,
ARB,13.800,15.050,14.160,0.680,13.550,14.390,13.410,"  258,152   ",,
ARF,2.060,2.080,2.070,0.140,2.020,2.160,1.995,"  992,619   ",,
ARQ,0.071,0.075,0.071,-0.004,0.073,0.075,0.071,"  101,955   ",,
ARV,0.022,0.023,0.022,0.000,0.022,0.023,0.022,"  606,299   ",,
ASB,3.120,3.190,3.120,0.010,3.180,3.220,3.020,"  2,268,682   ",,
ASG,0.735,0.760,0.740,-0.010,0.770,0.770,0.740,"  60,292   ",,
AST,1.760,1.805,1.795,0.020,1.805,1.815,1.765,"  6,746,214   ",,
ASX,78.890,79.540,79.540,0.040,81.000,81.000,77.680,"  566,471   ",,
ATL,0.135,0.150,0.140,-0.005,0.145,0.145,0.140,"  127,931   ",,
ATS,0.033,0.034,0.033,0.002,0.032,0.034,0.030,"  5,052,715   ",,
AUB,9.500,9.900,9.530,0.120,9.580,9.890,9.420,"  220,815   ",,
AUZ,0.011,0.012,0.012,0.001,0.011,0.012,0.011,"  8,392,985   ",,
AVJ,0.390,0.415,0.400,0.020,0.395,0.400,0.395,"  227,170   ",,
AVN,1.600,0.000,1.610,0.015,1.625,1.660,1.580,"  1,703,899   ",,
AVZ,0.068,0.069,0.069,0.009,0.062,0.071,0.056,"  38,479,534   ",,
AWC,1.450,1.480,1.475,0.065,1.420,1.475,1.410,"  9,455,434   ",,
AX1,0.955,0.980,0.975,0.045,0.960,1.005,0.925,"  5,272,659   ",,
AYS,0.320,0.340,0.325,-0.025,0.345,0.350,0.325,"  323,773   ",,
AZJ,4.350,4.410,4.350,-0.120,4.510,4.580,4.260,"  12,117,340   ",,
BAP,4.400,4.470,4.460,0.320,4.200,4.460,4.200,"  2,387,345   ",,
BBN,2.500,2.700,2.630,0.290,2.430,2.670,2.430,"  504,055   ",,
BEN,6.130,6.180,6.170,0.060,6.180,6.240,6.020,"  3,587,713   ",,
BFG,0.880,0.900,0.900,0.040,0.845,0.925,0.830,"  757,976   ",,
BGA,4.500,4.650,4.620,0.070,4.590,4.650,4.545,"  1,255,382   ",,
BHP,31.380,31.530,31.500,0.180,31.680,31.790,30.820,"  7,433,745   ",,
BIN,2.020,2.050,2.040,0.120,1.920,2.080,1.920,"  2,320,201   ",,
BKL,74.000,76.500,75.510,0.600,74.830,75.510,74.000,"  33,054   ",,
BKW,13.550,13.600,13.580,0.330,13.250,13.720,12.960,"  402,430   ",,
BKY,0.150,0.160,0.150,0.005,0.150,0.150,0.150,"  11,505   ",,
BLA,0.000,0.000,0.185,0.000,0.000,0.000,0.000,0,,
BLD,2.570,2.600,2.580,0.290,2.350,2.600,2.310,"  10,114,635   ",,
BLX,0.605,0.660,0.630,0.010,0.640,0.640,0.600,"  127,944   ",,
BLY,0.580,0.800,0.600,0.015,0.590,0.615,0.590,"  6,315   ",,
BNO,0.048,0.055,0.049,-0.001,0.053,0.056,0.049,"  344,323   ",,
BOQ,4.980,4.990,4.980,-0.050,5.000,5.100,4.920,"  4,429,183   ",,
BPT,1.480,1.490,1.485,0.110,1.420,1.505,1.405,"  13,813,864   ",,
BRG,16.500,17.450,17.430,0.870,16.620,17.450,16.520,"  651,744   ",,
BRL,0.074,0.078,0.077,0.007,0.075,0.077,0.070,"  396,257   ",,
BRN,0.043,0.044,0.043,0.001,0.043,0.045,0.042,"  6,493,649   ",,
BSA,0.275,0.290,0.285,-0.005,0.287,0.287,0.285,"  538,606   ",,
BSE,0.145,0.160,0.150,0.000,0.147,0.150,0.145,"  135,353   ",,
BSL,10.140,10.200,10.190,0.390,10.050,10.190,9.760,"  2,099,877   ",,
BUB,0.770,0.775,0.770,0.075,0.705,0.780,0.705,"  7,269,420   ",,
BVS,4.100,4.220,4.170,0.280,3.940,4.180,3.850,"  1,112,825   ",,
BWP,3.390,3.460,3.430,0.060,3.340,3.430,3.330,"  1,028,758   ",,
BWX,3.180,3.300,3.230,-0.060,3.280,3.280,3.170,"  349,672   ",,
BXB,10.800,10.980,10.930,0.080,11.110,11.170,10.730,"  4,672,045   ",,
CAJ,0.185,0.195,0.195,0.020,0.180,0.195,0.170,"  2,570,789   ",,
CAN,0.840,0.865,0.865,0.050,0.835,0.870,0.835,"  410,632   ",,
CAR,12.550,12.690,12.660,0.780,12.320,12.660,12.200,"  1,464,589   ",,
CAT,1.060,1.100,1.075,0.185,0.920,1.075,0.870,"  1,024,271   ",,
CBA,61.680,61.770,61.760,1.950,61.570,61.760,59.840,"  4,265,838   ",,
CCL,9.260,9.450,9.410,0.180,9.310,9.460,9.200,"  1,499,542   ",,
CCP,16.200,16.540,16.280,1.710,15.100,17.220,15.100,"  1,186,171   ",,
CCV,0.150,0.155,0.150,0.000,0.150,0.155,0.150,"  21,915   ",,
CDA,5.780,5.920,5.820,0.330,5.580,5.960,5.580,"  297,492   ",,
CDD,0.235,0.250,0.240,-0.010,0.250,0.250,0.240,"  185,241   ",,
CDP,3.120,3.230,3.230,0.170,3.060,3.230,3.060,"  36,738   ",,
CDV,0.370,0.390,0.380,0.025,0.350,0.380,0.350,"  2,115,916   ",,
CEN,5.660,7.000,5.730,0.080,5.820,5.820,5.730,"  4,903   ",,
CGC,2.700,2.790,2.780,0.100,2.720,2.810,2.630,"  3,496,539   ",,
CGF,4.930,5.000,4.930,0.240,4.810,5.060,4.810,"  4,790,334   ",,
CGL,3.070,3.120,3.070,0.150,3.000,3.190,2.960,"  338,704   ",,
CHC,7.550,7.950,7.880,0.490,7.600,7.880,7.550,"  3,006,991   ",,
CIA,1.760,1.840,1.765,0.005,1.785,1.800,1.720,"  389,027   ",,
CII,0.760,1.000,0.810,0.000,0.000,0.000,0.000,0,,
CIM,23.130,23.370,23.250,-0.200,23.180,23.710,22.660,"  526,611   ",,
CIP,2.850,2.740,2.760,0.000,0.000,0.000,0.000,0,,
CKF,6.050,6.200,6.110,0.360,5.900,6.170,5.850,"  663,321   ",,
CL1,1.500,1.520,1.510,0.030,1.500,1.525,1.455,"  229,713   ",,
CLH,0.000,0.000,1.085,0.000,0.000,0.000,0.000,0,,
CLQ,0.165,0.170,0.165,0.010,0.160,0.170,0.160,"  178,385   ",,
CLW,4.670,4.700,4.670,0.220,4.570,4.710,4.540,"  1,845,996   ",,
CMW,0.765,0.795,0.790,0.020,0.765,0.790,0.760,"  6,137,099   ",,
CNI,1.510,1.690,1.610,-0.020,1.625,1.800,1.555,"  1,837,565   ",,
CNU,6.360,6.500,6.380,-0.210,6.700,6.800,6.375,"  707,972   ",,
COE,0.470,0.475,0.475,0.015,0.460,0.475,0.450,"  3,304,602   ",,
COH,187.010,189.500,189.500,6.590,187.370,189.500,183.840,"  240,991   ",,
CPU,10.750,10.900,10.810,0.200,10.640,10.960,10.540,"  2,632,662   ",,
CQR,3.030,3.350,3.240,0.080,3.200,3.340,3.170,"  1,720,453   ",,
CSL,325.100,329.000,329.000,17.060,325.500,329.000,314.500,"  1,209,783   ",,
CSR,3.210,3.280,3.280,0.090,3.270,3.320,3.180,"  4,230,438   ",,
CTD,9.800,9.980,9.860,0.740,9.240,10.050,9.240,"  695,971   ",,
CTX,23.650,24.370,24.220,0.460,24.680,25.210,23.330,"  1,189,030   ",,
CUV,19.750,20.100,20.000,0.000,20.500,20.500,19.150,"  299,906   ",,
CVC,1.070,1.250,1.150,0.080,1.150,1.150,1.150,867,,
CVW,0.195,0.250,0.200,0.015,0.195,0.200,0.190,"  3,400,901   ",,
CWN,8.250,8.400,8.320,0.270,8.060,8.380,8.020,"  2,038,209   ",,
CWP,4.600,4.730,4.640,0.140,4.550,4.760,4.540,"  128,946   ",,
CWY,1.740,1.780,1.775,0.105,1.715,1.785,1.705,"  6,344,708   ",,
DCG,0.140,0.145,0.145,0.010,0.140,0.145,0.135,"  904,213   ",,
DCN,0.000,0.000,1.400,0.000,0.000,0.000,0.000,0,,
DDR,6.420,6.500,6.500,0.200,6.360,6.600,6.350,"  203,254   ",,
DFM,0.000,0.000,0.830,0.000,0.000,0.000,0.000,0,,
DHG,2.070,2.150,2.100,0.050,2.020,2.120,2.010,"  2,084,814   ",,
DMP,49.000,49.850,49.800,0.380,51.190,51.250,48.320,"  630,632   ",,
DNA,0.036,0.039,0.039,0.002,0.037,0.039,0.037,"  149,380   ",,
DNK,0.370,0.380,0.380,0.005,0.380,0.395,0.370,"  255,039   ",,
DOW,3.750,3.840,3.810,0.270,3.600,3.820,3.600,"  3,464,459   ",,
DTL,3.450,3.510,3.450,0.320,3.200,3.520,3.190,"  922,508   ",,
DWS,0.710,0.730,0.750,0.080,0.680,0.750,0.680,"  35,548   ",,
DXS,9.450,9.800,9.480,0.120,9.410,9.710,9.370,"  3,212,368   ",,
ECX,0.785,0.805,0.800,0.060,0.750,0.815,0.740,"  1,875,179   ",,
EDE,0.035,0.037,0.036,0.003,0.034,0.036,0.034,"  3,084,354   ",,
EHE,1.330,1.370,1.370,0.080,1.310,1.375,1.300,"  1,956,944   ",,
EHL,1.075,1.110,1.105,0.100,1.010,1.110,1.010,"  2,896,439   ",,
ELD,8.200,8.300,8.220,0.080,8.130,8.280,8.030,"  2,303,619   ",,
EML,2.510,2.530,2.520,0.120,2.470,2.570,2.440,"  5,443,185   ",,
ENN,0.770,0.810,0.770,-0.025,0.800,0.810,0.770,"  134,861   ",,
EOS,5.820,5.860,5.840,0.550,5.580,5.920,5.420,"  1,148,380   ",,
EQT,20.000,21.500,20.250,0.250,20.000,20.390,20.000,"  35,774   ",,
ERA,0.145,0.155,0.155,0.010,0.145,0.155,0.145,"  55,081   ",,
ERF,0.800,0.810,0.810,0.010,0.800,0.810,0.765,"  159,015   ",,
EVN,4.450,4.550,4.540,0.080,4.420,4.540,4.390,"  9,349,714   ",,
EVT,7.680,7.700,7.680,0.190,7.610,7.780,7.610,"  146,659   ",,
EWC,0.065,0.067,0.065,-0.002,0.062,0.065,0.060,"  357,204   ",,
EXP,0.083,0.092,0.089,0.007,0.084,0.092,0.084,"  489,418   ",,
EZL,0.750,0.780,0.780,0.040,0.730,0.780,0.730,"  193,450   ",,
FAR,0.016,0.017,0.016,-0.001,0.018,0.018,0.016,"  14,316,099   ",,
FBR,0.029,0.030,0.030,-0.001,0.032,0.032,0.028,"  2,312,407   ",,
FBU,3.400,3.520,3.500,0.110,3.420,3.520,3.380,"  1,511,512   ",,
FDM,0.000,0.000,0.011,0.000,0.000,0.000,0.000,0,,
FID,4.230,4.440,4.250,-0.130,4.450,4.450,4.210,"  19,790   ",,
FLC,0.275,0.285,0.285,0.015,0.280,0.285,0.270,"  209,136   ",,
FLN,0.325,0.380,0.350,0.025,0.345,0.350,0.335,"  202,941   ",,
FLT,11.390,11.600,11.560,0.960,11.000,11.560,10.910,"  4,078,044   ",,
FMG,11.300,11.350,11.340,0.090,11.460,11.530,11.200,"  11,128,021   ",,
FMS,0.025,0.027,0.024,-0.002,0.027,0.027,0.024,"  893,853   ",,
FNP,4.230,4.270,4.250,0.110,4.250,4.340,4.170,"  1,452,541   ",,
FPH,25.910,26.250,25.940,-0.870,26.690,27.020,25.780,"  1,226,176   ",,
FRI,0.650,0.690,0.685,0.055,0.660,0.695,0.650,"  115,600   ",,
FSA,0.930,0.945,0.930,0.010,0.950,0.950,0.930,"  17,335   ",,
FWD,1.290,1.330,1.290,0.040,1.250,1.330,1.250,"  40,246   ",,
FXL,0.850,0.860,0.850,0.050,0.820,0.880,0.775,"  2,924,846   ",,
GCY,0.000,0.000,0.039,0.000,0.000,0.000,0.000,0,,
GDF,0.850,0.890,0.860,0.000,0.890,0.890,0.835,"  227,851   ",,
GDI,0.990,1.025,1.015,0.025,1.020,1.035,0.980,"  1,400,433   ",,
GEM,0.000,0.000,1.080,0.000,0.000,0.000,0.000,0,,
GMA,2.010,2.150,2.070,0.070,2.000,2.120,1.985,"  557,512   ",,
GMG,13.680,14.160,13.860,0.910,13.150,13.860,13.110,"  8,663,557   ",,
GNC,3.350,3.400,3.350,-0.040,3.350,3.420,3.300,"  1,882,923   ",,
GNG,0.725,0.795,0.725,-0.025,0.725,0.750,0.725,"  7,221   ",,
GOR,1.450,1.485,1.475,0.040,1.420,1.485,1.400,"  9,203,097   ",,
GOW,1.530,1.590,1.575,0.015,1.575,1.575,1.575,"  15,700   ",,
GOZ,3.000,3.130,3.060,0.120,2.910,3.070,2.910,"  1,923,253   ",,
GPT,4.050,4.160,4.060,0.120,4.000,4.160,3.970,"  5,480,091   ",,
GRR,0.200,0.205,0.200,0.015,0.190,0.205,0.190,"  2,856,243   ",,
GSW,0.500,0.610,0.570,-0.040,0.575,0.600,0.570,"  66,116   ",,
GTN,0.420,0.450,0.420,-0.025,0.450,0.450,0.420,"  9,685   ",,
GUD,8.840,8.990,8.930,0.100,8.800,9.000,8.690,"  509,678   ",,
GWA,2.410,2.530,2.490,0.120,2.380,2.520,2.370,"  697,226   ",,
GXY,0.820,0.830,0.820,-0.010,0.845,0.850,0.820,"  1,246,372   ",,
HAS,0.060,0.075,0.064,0.006,0.064,0.065,0.057,"  964,737   ",,
HFR,0.300,0.345,0.300,0.015,0.285,0.320,0.285,"  166,826   ",,
HLO,1.345,1.395,1.395,0.025,1.410,1.440,1.300,"  450,430   ",,
HPI,2.300,2.410,2.350,0.050,2.310,2.420,2.280,"  335,015   ",,
HRR,0.027,0.030,0.027,-0.002,0.030,0.030,0.026,"  3,994,557   ",,
HSN,2.770,2.800,2.800,0.080,2.750,2.810,2.750,"  1,147,792   ",,
HT1,1.100,1.295,1.270,0.030,1.260,1.295,1.235,"  56,727   ",,
HTA,0.130,0.140,0.130,0.000,0.130,0.130,0.130,"  15,000   ",,
HUB,9.000,9.400,9.210,0.410,8.800,9.210,8.680,"  360,728   ",,
HUO,3.060,3.180,3.060,-0.130,3.200,3.210,3.060,"  68,659   ",,
HVN,2.810,2.820,2.810,0.060,2.750,2.810,2.700,"  4,996,188   ",,
IAG,6.110,6.150,6.130,0.030,6.160,6.240,6.000,"  7,254,826   ",,
IDX,2.700,2.750,2.720,0.120,2.600,2.750,2.580,"  607,756   ",,
IEL,14.450,14.650,14.520,1.000,13.630,14.720,13.340,"  1,648,929   ",,
IFL,3.910,3.980,3.950,0.160,3.830,4.020,3.820,"  1,974,236   ",,
IFM,1.640,1.720,1.655,0.080,1.600,1.705,1.590,"  569,817   ",,
IFN,0.490,0.525,0.500,0.000,0.525,0.530,0.490,"  2,051,888   ",,
IGL,0.525,0.545,0.525,0.060,0.480,0.540,0.475,"  1,188,412   ",,
IGO,4.720,4.770,4.750,-0.060,4.890,4.960,4.630,"  3,422,217   ",,
ILU,7.080,7.300,7.290,0.170,7.160,7.470,6.980,"  2,860,039   ",,
IMD,0.875,0.900,0.880,0.060,0.830,0.905,0.830,"  784,573   ",,
INA,3.250,3.360,3.330,0.070,3.250,3.380,3.130,"  1,894,239   ",,
ING,3.350,3.450,3.380,0.040,3.330,3.460,3.330,"  1,560,564   ",,
IPD,0.034,0.036,0.035,0.000,0.035,0.035,0.034,"  6,463,476   ",,
IPH,7.090,7.570,7.440,0.280,7.210,7.440,7.090,"  992,048   ",,
IPL,2.160,2.220,2.210,0.100,2.150,2.220,2.130,"  6,542,501   ",,
IRE,10.500,10.740,10.540,0.100,10.480,10.710,10.330,"  1,325,228   ",,
IRI,2.810,2.890,2.850,-0.040,2.850,2.920,2.810,"  250,116   ",,
ISD,0.150,0.160,0.160,0.005,0.160,0.160,0.150,"  169,809   ",,
ISU,0.205,0.260,0.210,-0.010,0.245,0.245,0.200,"  118,700   ",,
IVC,11.180,11.450,11.280,0.420,10.930,11.460,10.920,"  562,754   ",,
JBH,33.600,33.960,33.900,2.270,32.740,33.900,32.170,"  1,092,505   ",,
JHC,0.490,0.495,0.495,0.015,0.490,0.495,0.485,"  951,994   ",,
JHG,26.000,26.120,26.030,0.130,25.800,26.370,25.620,"  605,055   ",,
JHX,19.980,20.300,20.270,0.870,19.690,20.270,19.220,"  3,061,756   ",,
JIN,11.050,11.300,11.300,0.970,10.780,11.300,10.380,"  903,761   ",,
JLG,2.200,2.290,2.250,0.060,2.200,2.290,2.195,"  397,448   ",,
KAR,0.545,0.550,0.545,0.055,0.515,0.555,0.510,"  10,660,190   ",,
KGN,6.040,6.090,6.070,0.100,6.090,6.140,5.940,"  774,707   ",,
KMD,0.615,0.635,0.615,-0.005,0.635,0.670,0.615,"  4,923,166   ",,
KSC,1.455,1.500,1.455,0.000,0.000,0.000,0.000,0,,
LEP,4.110,4.160,4.160,0.160,4.050,4.280,4.050,"  118,617   ",,
LIC,6.750,7.030,6.800,0.330,6.600,6.990,6.500,"  344,769   ",,
LLC,11.550,11.750,11.650,1.040,10.630,11.790,10.480,"  2,831,611   ",,
LNG,0.110,0.115,0.115,0.010,0.105,0.115,0.105,"  941,785   ",,
LNK,3.370,3.400,3.390,0.080,3.330,3.390,3.310,"  2,978,977   ",,
LOV,6.200,6.250,6.220,0.980,5.570,6.810,5.500,"  1,084,150   ",,
LVH,0.120,0.130,0.130,0.010,0.120,0.130,0.115,"  146,220   ",,
LYC,1.440,1.450,1.450,0.100,1.370,1.460,1.370,"  4,233,577   ",,
LYL,3.730,3.750,3.750,-0.010,3.760,3.780,3.740,"  61,294   ",,
MAH,0.210,0.220,0.220,0.010,0.210,0.220,0.210,"  758,844   ",,
MAQ,24.850,25.000,24.880,-0.420,25.990,26.000,24.810,"  2,879   ",,
MDC,0.230,0.235,0.235,-0.015,0.260,0.265,0.235,"  1,044,208   ",,
MFG,49.100,50.000,49.870,2.760,49.330,50.500,47.500,"  766,802   ",,
MGR,2.290,2.310,2.300,0.080,2.230,2.310,2.210,"  14,773,460   ",,
MGX,0.685,0.695,0.690,0.015,0.695,0.710,0.685,"  2,138,196   ",,
MHJ,0.245,0.275,0.255,0.025,0.250,0.255,0.242,"  345,403   ",,
MIN,15.040,15.250,15.220,-0.180,15.570,15.790,14.910,"  1,002,408   ",,
MLD,0.745,0.775,0.775,0.040,0.740,0.795,0.735,"  384,971   ",,
MLX,0.076,0.078,0.078,0.000,0.079,0.081,0.075,"  1,548,527   ",,
MMI,0.099,0.105,0.099,0.001,0.105,0.110,0.099,"  4,972,308   ",,
MMS,7.320,7.660,7.340,-0.040,7.280,7.510,7.190,"  290,602   ",,
MND,10.510,11.250,10.660,0.620,10.020,10.660,10.020,"  204,949   ",,
MNF,4.500,4.600,4.580,-0.030,4.620,4.680,4.480,"  134,457   ",,
MNS,0.048,0.053,0.053,0.003,0.051,0.053,0.047,"  1,203,928   ",,
MNY,1.300,1.450,1.380,0.230,1.180,1.450,1.180,"  1,598,710   ",,
MOC,0.650,0.675,0.665,0.025,0.640,0.675,0.640,"  154,624   ",,
MOE,2.350,2.550,2.380,0.180,2.270,2.400,2.160,"  1,651,227   ",,
MP1,10.220,10.550,10.480,0.230,10.300,10.640,10.250,"  669,237   ",,
MPL,2.680,2.700,2.690,0.010,2.680,2.700,2.650,"  6,349,503   ",,
MQG,99.000,99.500,99.500,6.610,96.000,99.500,95.170,"  1,707,713   ",,
MRM,0.089,0.097,0.091,0.015,0.076,0.091,0.076,"  609,945   ",,
MSB,2.490,2.500,2.500,0.665,2.140,2.510,1.980,"  17,526,086   ",,
MTO,0.645,0.675,0.670,0.030,0.645,0.700,0.640,"  103,195   ",,
MTS,2.800,2.820,2.810,0.010,2.790,2.870,2.770,"  3,309,414   ",,
MVF,0.545,0.560,0.560,0.060,0.510,0.560,0.510,"  864,851   ",,
MVP,6.900,6.990,6.900,0.500,6.770,7.310,6.550,"  340,162   ",,
MWY,0.990,1.000,0.990,0.005,0.995,1.010,0.990,"  193,444   ",,
MYR,0.155,0.160,0.155,0.000,0.155,0.165,0.155,"  10,301,966   ",,
MYS,3.840,3.960,3.840,-0.010,3.920,3.960,3.810,"  64,530   ",,
MYX,0.310,0.320,0.320,0.015,0.305,0.322,0.300,"  5,021,293   ",,
NAB,16.050,16.090,16.080,0.730,15.870,16.080,15.520,"  11,420,512   ",,
NAN,6.200,6.320,6.250,0.140,6.180,6.310,6.110,"  1,374,630   ",,
NCK,4.150,4.270,4.230,0.250,4.220,4.610,4.110,"  1,018,549   ",,
NCM,25.170,25.650,25.640,0.030,25.670,25.830,24.940,"  3,214,574   ",,
NCZ,0.145,0.150,0.150,0.005,0.155,0.165,0.150,"  5,769,302   ",,
NEA,1.235,1.260,1.255,0.030,1.280,1.290,1.220,"  3,421,485   ",,
NEC,1.210,1.225,1.220,0.050,1.200,1.225,1.185,"  5,279,344   ",,
NEU,1.265,1.390,1.340,0.270,1.080,1.340,1.065,"  352,171   ",,
NEW,1.000,1.010,1.010,0.010,1.000,1.010,0.995,"  199,880   ",,
NGI,1.295,1.335,1.300,-0.400,1.690,1.710,1.280,"  4,246,518   ",,
NHC,1.450,1.490,1.480,0.005,1.485,1.500,1.420,"  3,318,369   ",,
NHF,4.930,4.990,4.990,0.130,4.820,5.020,4.780,"  1,271,831   ",,
NMT,0.160,0.165,0.160,-0.005,0.170,0.170,0.155,"  532,950   ",,
NSR,1.635,1.685,1.680,0.080,1.615,1.680,1.610,"  4,761,859   ",,
NST,11.500,11.540,11.510,-0.260,11.640,11.880,11.280,"  4,585,856   ",,
NUF,4.850,4.940,4.930,0.270,4.670,5.160,4.670,"  2,817,967   ",,
NVL,0.000,0.000,3.670,0.000,0.000,0.000,0.000,0,,
NWH,1.680,1.700,1.690,0.020,1.700,1.770,1.650,"  2,441,084   ",,
NWL,7.500,7.750,7.640,0.320,7.460,7.890,7.460,"  1,714,701   ",,
NWS,14.600,15.200,14.840,0.150,14.400,15.030,14.400,"  291,670   ",,
NXT,8.600,8.690,8.670,0.270,8.460,8.700,8.440,"  4,377,213   ",,
NZM,0.180,0.195,0.180,-0.015,0.190,0.190,0.180,"  111,042   ",,
OCL,5.650,5.700,5.700,0.010,5.800,5.800,5.600,"  52,449   ",,
OFX,1.160,1.195,1.170,-0.020,1.175,1.200,1.160,"  178,214   ",,
OGC,1.800,1.840,1.800,0.065,1.760,1.820,1.760,"  612,479   ",,
OMH,0.345,0.385,0.350,0.020,0.345,0.370,0.340,"  131,464   ",,
OML,0.745,0.770,0.760,0.125,0.675,0.820,0.675,"  16,582,538   ",,
ONT,5.100,5.430,5.200,0.100,5.110,5.200,5.110,"  5,661   ",,
ORA,2.470,2.600,2.600,0.110,2.470,2.600,2.470,"  3,032,342   ",,
ORE,2.160,2.180,2.170,-0.070,2.240,2.300,2.130,"  1,437,287   ",,
ORG,5.080,5.120,5.100,0.240,5.000,5.110,4.890,"  8,491,343   ",,
ORI,17.100,17.300,17.180,0.180,17.340,17.620,16.830,"  1,479,229   ",,
OSH,2.700,2.710,2.700,0.130,2.680,2.800,2.620,"  27,829,314   ",,
OVH,0.210,0.220,0.220,0.000,0.210,0.220,0.205,"  238,421   ",,
OZL,8.100,8.250,8.200,0.530,7.820,8.250,7.820,"  2,419,994   ",,
PAC,4.290,4.580,4.390,-0.100,4.490,4.550,4.390,"  31,540   ",,
PAN,0.115,0.120,0.120,0.005,0.115,0.125,0.115,"  1,437,201   ",,
PCG,0.945,0.970,0.970,0.000,0.970,0.970,0.970,"  16,022   ",,
PDL,4.980,5.190,4.990,0.190,4.880,5.140,4.870,"  1,039,673   ",,
PFP,2.700,2.750,2.740,0.000,2.820,2.820,2.680,"  61,090   ",,
PGC,0.130,0.145,0.145,0.005,0.130,0.145,0.130,"  474,128   ",,
PGH,1.800,1.880,1.855,0.055,1.875,1.940,1.805,"  1,976,945   ",,
PLS,0.235,0.240,0.240,-0.005,0.245,0.250,0.235,"  5,778,271   ",,
PME,23.480,23.590,23.540,1.100,22.880,23.620,22.520,"  390,938   ",,
PMV,13.700,14.160,13.700,1.160,12.700,13.860,12.610,"  393,273   ",,
PNC,0.630,0.700,0.630,0.000,0.000,0.000,0.000,0,,
PNI,2.900,2.970,2.970,0.150,2.800,2.980,2.780,"  843,133   ",,
PNR,0.097,0.098,0.097,0.002,0.095,0.098,0.095,"  1,202,245   ",,
PNV,1.965,2.000,1.990,0.020,2.050,2.100,1.950,"  5,385,232   ",,
PPC,0.730,0.820,0.795,-0.025,0.820,0.845,0.795,"  138,417   ",,
PPG,0.087,0.095,0.087,-0.003,0.095,0.095,0.087,"  166,526   ",,
PPH,3.860,3.960,3.920,0.110,3.850,3.930,3.830,"  197,166   ",,
PPS,0.295,0.300,0.295,0.010,0.290,0.310,0.290,"  1,733,163   ",,
PPT,27.500,27.770,27.560,1.430,26.390,27.720,26.380,"  192,099   ",,
PRU,0.955,0.995,0.995,0.025,0.960,0.995,0.930,"  4,918,782   ",,
PSI,2.100,2.210,2.210,0.010,2.210,2.210,2.150,"  24,676   ",,
PSQ,1.100,1.175,1.100,-0.010,1.100,1.175,1.100,"  27,105   ",,
PTM,3.320,3.470,3.420,0.270,3.200,3.420,3.190,"  1,454,053   ",,
PWH,3.410,3.500,3.410,0.010,3.540,3.740,3.410,"  98,063   ",,
QAN,3.550,3.560,3.560,0.310,3.340,3.570,3.310,"  16,185,228   ",,
QBE,8.950,9.130,9.110,0.210,8.940,9.150,8.830,"  3,930,579   ",,
QIP,0.990,1.000,1.000,-0.010,1.000,1.000,0.990,"  40,076   ",,
QUB,2.300,2.390,2.330,0.110,2.250,2.405,2.240,"  6,625,960   ",,
RBL,0.500,0.540,0.500,0.010,0.505,0.515,0.495,"  1,453,973   ",,
REA,83.670,85.200,84.470,1.590,84.020,85.360,82.440,"  246,718   ",,
REG,1.305,1.360,1.310,0.035,1.295,1.375,1.260,"  1,199,542   ",,
REH,9.000,9.060,9.050,0.320,8.920,9.080,8.800,"  628,610   ",,
REX,0.620,0.640,0.640,0.040,0.630,0.640,0.630,"  9,200   ",,
RFF,1.850,1.900,1.860,0.000,1.870,1.920,1.845,"  1,056,518   ",,
RFG,0.045,0.047,0.047,0.001,0.047,0.048,0.045,"  1,553,042   ",,
RHC,60.800,61.500,61.200,2.480,60.100,61.900,59.200,"  487,740   ",,
RIC,0.740,0.770,0.760,0.030,0.770,0.770,0.697,"  459,366   ",,
RIO,89.150,89.500,89.390,0.130,90.010,90.650,88.170,"  1,500,895   ",,
RKN,0.550,0.590,0.560,0.000,0.560,0.560,0.560,"  4,533   ",,
RMD,24.500,24.590,24.570,-0.120,24.570,24.810,24.190,"  2,654,717   ",,
RMS,1.030,1.050,1.050,0.025,1.030,1.060,1.000,"  6,119,213   ",,
RND,1.700,1.800,1.775,-0.025,1.800,1.800,1.775,"  3,666   ",,
RRL,3.950,4.050,3.970,0.060,3.870,4.010,3.870,"  2,739,475   ",,
RSG,0.865,0.870,0.870,0.005,0.870,0.880,0.840,"  9,974,993   ",,
RUL,0.900,0.920,0.905,0.083,0.840,0.930,0.810,"  488,053   ",,
RWC,2.460,2.640,2.480,-0.090,2.600,2.670,2.460,"  3,674,823   ",,
S32,2.020,2.040,2.030,0.090,1.980,2.060,1.945,"  17,602,885   ",,
SAR,4.030,4.100,4.060,-0.030,4.000,4.060,3.990,"  6,837,750   ",,
SBM,2.260,2.300,2.280,-0.010,2.260,2.300,2.230,"  5,098,138   ",,
SCG,2.040,2.080,2.080,0.200,1.950,2.080,1.910,"  38,516,112   ",,
SCP,2.210,2.260,2.260,0.050,2.230,2.260,2.180,"  8,800,229   ",,
SDA,0.000,0.000,0.790,0.000,0.000,0.000,0.000,0,,
SDF,2.530,2.670,2.650,0.160,2.500,2.650,2.490,"  3,339,260   ",,
SDG,1.150,1.190,1.175,0.020,1.150,1.180,1.150,"  31,472   ",,
SEK,16.160,16.460,16.320,0.520,16.050,16.410,15.710,"  1,155,456   ",,
SFR,3.870,3.930,3.930,0.160,3.800,3.950,3.760,"  1,036,440   ",,
SGF,1.400,1.430,1.430,0.050,1.460,1.557,1.425,"  334,672   ",,
SGH,0.485,0.540,0.510,0.035,0.475,0.510,0.475,"  68,074   ",,
SGM,6.450,6.680,6.650,0.170,6.600,6.760,6.440,"  503,596   ",,
SGP,3.010,3.040,3.020,0.260,2.890,3.090,2.850,"  17,836,601   ",,
SGR,2.410,2.420,2.420,0.180,2.300,2.430,2.270,"  4,431,365   ",,
SHL,22.800,22.860,22.840,0.740,22.610,22.860,22.210,"  1,755,621   ",,
SHV,7.110,7.300,7.110,0.030,7.050,7.275,7.010,"  173,714   ",,
SIG,0.625,0.635,0.625,-0.015,0.635,0.640,0.610,"  2,215,541   ",,
SIQ,4.850,5.010,4.900,0.140,4.810,5.000,4.790,"  1,498,628   ",,
SIV,0.380,0.400,0.380,0.000,0.000,0.000,0.000,0,,
SKC,2.070,2.150,2.120,0.220,1.955,2.150,1.955,"  1,325,430   ",,
SKI,1.940,1.960,1.950,0.040,1.940,1.965,1.932,"  4,507,248   ",,
SKT,0.250,0.260,0.260,-0.010,0.260,0.260,0.250,"  124,008   ",,
SLC,0.690,0.700,0.695,0.080,0.660,0.710,0.660,"  1,660,160   ",,
SLK,3.200,3.300,3.230,0.060,3.220,3.270,3.200,"  72,900   ",,
SLR,1.525,1.565,1.565,0.050,1.545,1.575,1.475,"  9,239,195   ",,
SOL,17.930,17.950,17.950,0.590,17.700,17.950,17.380,"  451,467   ",,
SOM,1.005,1.020,1.020,-0.010,1.025,1.030,1.005,"  90,940   ",,
SPK,4.170,4.300,4.190,-0.040,4.240,4.240,4.120,"  2,375,836   ",,
SPL,0.840,0.870,0.865,0.025,0.840,0.870,0.840,"  68,155   ",,
SRV,2.590,3.390,2.610,0.020,2.710,2.720,2.590,"  30,758   ",,
SSM,1.890,1.905,1.900,0.020,1.900,1.935,1.855,"  2,054,068   ",,
SST,9.000,14.990,9.500,0.000,0.000,0.000,0.000,0,,
STO,4.600,4.620,4.610,0.170,4.600,4.700,4.510,"  11,753,909   ",,
SUL,5.480,5.540,5.490,0.520,5.220,5.740,5.080,"  2,345,957   ",,
SUN,8.980,9.100,9.090,0.120,9.060,9.150,8.790,"  4,683,978   ",,
SVW,14.030,14.490,14.030,1.410,12.740,14.540,12.700,"  1,575,982   ",,
SWM,0.062,0.063,0.062,0.001,0.065,0.065,0.062,"  15,574,214   ",,
SXE,0.445,0.490,0.462,-0.008,0.460,0.465,0.460,"  75,373   ",,
SXL,0.130,0.135,0.130,0.020,0.115,0.135,0.110,"  26,678,380   ",,
SXY,0.170,0.175,0.175,0.010,0.170,0.175,0.165,"  19,387,884   ",,
SYD,5.700,5.750,5.720,0.310,5.500,5.760,5.470,"  12,594,270   ",,
SYR,0.225,0.235,0.230,0.010,0.230,0.235,0.220,"  6,869,925   ",,
TAH,2.830,2.870,2.860,0.100,2.800,2.890,2.730,"  13,694,290   ",,
TBR,5.550,5.770,5.770,-0.010,5.780,5.780,5.300,"  140,967   ",,
TCL,12.250,12.300,12.280,1.230,11.490,12.420,11.410,"  11,596,579   ",,
TGP,0.885,0.910,0.885,-0.015,0.900,0.900,0.880,"  97,814   ",,
TGR,3.700,3.750,3.730,0.060,3.700,3.800,3.670,"  1,428,327   ",,
TLS,3.130,3.150,3.140,0.040,3.140,3.160,3.090,"  25,353,868   ",,
TNE,8.090,8.290,8.280,0.170,8.300,8.350,8.040,"  841,255   ",,
TPM,7.270,7.420,7.300,0.000,7.330,7.390,7.190,"  686,851   ",,
TTM,0.000,0.000,0.067,0.000,0.000,0.000,0.000,0,,
TWE,10.620,10.640,10.630,0.020,10.550,10.730,10.270,"  9,075,742   ",,
TZN,0.037,0.040,0.039,0.000,0.039,0.039,0.039,"  51,282   ",,
UOS,0.685,0.700,0.700,-0.005,0.710,0.710,0.700,"  14,861   ",,
URF,0.235,0.260,0.255,0.015,0.235,0.260,0.235,"  93,398   ",,
URW,5.180,5.500,5.230,0.240,5.140,5.300,5.130,"  1,959,809   ",,
VAH,0.085,0.088,0.086,0.005,0.082,0.087,0.082,"  4,577,489   ",,
VCX,1.400,1.420,1.410,0.100,1.350,1.420,1.345,"  32,456,038   ",,
VOC,2.770,2.840,2.840,0.110,2.730,2.850,2.730,"  1,440,137   ",,
VRL,1.645,1.660,1.645,0.140,1.510,1.660,1.510,"  430,549   ",,
VRT,2.030,2.090,2.030,0.080,2.010,2.090,1.995,"  299,078   ",,
VTG,1.020,1.050,1.040,0.050,0.990,1.050,0.965,"  509,845   ",,
VVR,2.370,2.450,2.450,0.130,2.310,2.450,2.310,"  4,263,978   ",,
WAF,0.455,0.465,0.460,0.005,0.460,0.470,0.450,"  8,437,687   ",,
WBC,15.830,15.970,15.960,0.710,15.630,15.960,15.330,"  13,217,582   ",,
WEB,2.930,2.940,2.940,0.140,2.900,2.970,2.700,"  7,089,855   ",,
WES,37.380,37.500,37.500,1.340,37.460,37.500,36.330,"  2,672,949   ",,
WGN,0.930,0.945,0.945,0.010,0.970,0.985,0.925,"  254,913   ",,
WGX,1.800,1.840,1.835,0.010,1.820,1.850,1.760,"  713,568   ",,
WHC,1.990,2.030,2.010,-0.050,2.090,2.120,1.955,"  7,600,752   ",,
WOR,7.100,7.200,7.190,0.340,7.100,7.290,6.880,"  3,040,748   ",,
WOW,35.000,35.170,35.100,0.120,34.990,35.380,34.640,"  4,329,225   ",,
WPL,21.830,21.850,21.840,0.810,21.610,21.870,21.110,"  3,834,324   ",,
WPP,0.210,0.215,0.210,0.015,0.200,0.215,0.185,"  3,015,520   ",,
WSA,2.050,2.090,2.060,0.020,2.040,2.110,2.000,"  1,647,742   ",,
WTC,15.850,16.100,15.960,0.810,15.440,16.200,15.310,"  1,243,587   ",,
XAM,0.027,0.030,0.030,0.001,0.030,0.030,0.030,"  20,000   ",,
XRO,77.200,78.250,78.100,5.020,75.690,78.970,75.130,"  1,109,826   ",,
YAL,2.080,2.140,2.100,-0.010,2.110,2.110,2.070,"  65,665   ",,
YOJ,0.031,0.034,0.034,0.006,0.030,0.035,0.030,"  5,386,696   ",,
Z1P,2.230,2.240,2.230,0.150,2.190,2.260,2.100,"  9,730,730   ",,
ZEL,2.860,2.890,2.890,0.000,2.850,2.900,2.820,"  96,418   ",,
ZIM,10.000,11.500,10.500,0.240,10.500,10.500,10.500,91,,

